"#","Date Time, GMT-07:00","Temp, °C (LGR S/N: 20772113, SEN S/N: 20772113, LBL: Celcius)"
1,04/12/21 08:30:00 PM,16.141
2,04/12/21 08:30:05 PM,16.141
3,04/12/21 08:30:10 PM,16.141
4,04/12/21 08:30:15 PM,16.046
5,04/12/21 08:30:20 PM,16.046
6,04/12/21 08:30:25 PM,16.046
7,04/12/21 08:30:30 PM,16.046
8,04/12/21 08:30:35 PM,16.046
9,04/12/21 08:30:40 PM,16.046
10,04/12/21 08:30:45 PM,16.046
11,04/12/21 08:30:50 PM,16.046
12,04/12/21 08:30:55 PM,16.046
13,04/12/21 08:31:00 PM,16.046
14,04/12/21 08:31:05 PM,16.046
15,04/12/21 08:31:10 PM,16.046
16,04/12/21 08:31:15 PM,16.046
17,04/12/21 08:31:20 PM,16.046
18,04/12/21 08:31:25 PM,16.046
19,04/12/21 08:31:30 PM,15.951
20,04/12/21 08:31:35 PM,15.951
21,04/12/21 08:31:40 PM,15.951
22,04/12/21 08:31:45 PM,15.951
23,04/12/21 08:31:50 PM,15.951
24,04/12/21 08:31:55 PM,15.951
25,04/12/21 08:32:00 PM,15.951
26,04/12/21 08:32:05 PM,15.951
27,04/12/21 08:32:10 PM,15.951
28,04/12/21 08:32:15 PM,15.951
29,04/12/21 08:32:20 PM,15.951
30,04/12/21 08:32:25 PM,15.951
31,04/12/21 08:32:30 PM,15.855
32,04/12/21 08:32:35 PM,15.855
33,04/12/21 08:32:40 PM,15.855
34,04/12/21 08:32:45 PM,15.855
35,04/12/21 08:32:50 PM,15.855
36,04/12/21 08:32:55 PM,15.855
37,04/12/21 08:33:00 PM,15.855
38,04/12/21 08:33:05 PM,15.855
39,04/12/21 08:33:10 PM,15.855
40,04/12/21 08:33:15 PM,15.855
41,04/12/21 08:33:20 PM,15.855
42,04/12/21 08:33:25 PM,15.855
43,04/12/21 08:33:30 PM,15.760
44,04/12/21 08:33:35 PM,15.760
45,04/12/21 08:33:40 PM,15.760
46,04/12/21 08:33:45 PM,15.760
47,04/12/21 08:33:50 PM,15.760
48,04/12/21 08:33:55 PM,15.760
49,04/12/21 08:34:00 PM,15.760
50,04/12/21 08:34:05 PM,15.760
51,04/12/21 08:34:10 PM,15.760
52,04/12/21 08:34:15 PM,15.760
53,04/12/21 08:34:20 PM,15.760
54,04/12/21 08:34:25 PM,15.760
55,04/12/21 08:34:30 PM,15.664
56,04/12/21 08:34:35 PM,15.664
57,04/12/21 08:34:40 PM,15.664
58,04/12/21 08:34:45 PM,15.664
59,04/12/21 08:34:50 PM,15.664
60,04/12/21 08:34:55 PM,15.664
61,04/12/21 08:35:00 PM,15.664
62,04/12/21 08:35:05 PM,15.664
63,04/12/21 08:35:10 PM,15.664
64,04/12/21 08:35:15 PM,15.569
65,04/12/21 08:35:20 PM,15.569
66,04/12/21 08:35:25 PM,15.569
67,04/12/21 08:35:30 PM,15.569
68,04/12/21 08:35:35 PM,15.569
69,04/12/21 08:35:40 PM,15.569
70,04/12/21 08:35:45 PM,15.569
71,04/12/21 08:35:50 PM,15.569
72,04/12/21 08:35:55 PM,15.569
73,04/12/21 08:36:00 PM,15.473
74,04/12/21 08:36:05 PM,15.473
75,04/12/21 08:36:10 PM,15.473
76,04/12/21 08:36:15 PM,15.473
77,04/12/21 08:36:20 PM,15.473
78,04/12/21 08:36:25 PM,15.473
79,04/12/21 08:36:30 PM,15.378
80,04/12/21 08:36:35 PM,15.378
81,04/12/21 08:36:40 PM,15.378
82,04/12/21 08:36:45 PM,15.378
83,04/12/21 08:36:50 PM,15.378
84,04/12/21 08:36:55 PM,15.378
85,04/12/21 08:37:00 PM,15.378
86,04/12/21 08:37:05 PM,15.378
87,04/12/21 08:37:10 PM,15.378
88,04/12/21 08:37:15 PM,15.282
89,04/12/21 08:37:20 PM,15.282
90,04/12/21 08:37:25 PM,15.282
91,04/12/21 08:37:30 PM,15.282
92,04/12/21 08:37:35 PM,15.282
93,04/12/21 08:37:40 PM,15.282
94,04/12/21 08:37:45 PM,15.282
95,04/12/21 08:37:50 PM,15.187
96,04/12/21 08:37:55 PM,15.187
97,04/12/21 08:38:00 PM,15.187
98,04/12/21 08:38:05 PM,15.187
99,04/12/21 08:38:10 PM,15.187
100,04/12/21 08:38:15 PM,15.187
101,04/12/21 08:38:20 PM,15.187
102,04/12/21 08:38:25 PM,15.187
103,04/12/21 08:38:30 PM,15.091
104,04/12/21 08:38:35 PM,15.091
105,04/12/21 08:38:40 PM,15.091
106,04/12/21 08:38:45 PM,15.091
107,04/12/21 08:38:50 PM,15.091
108,04/12/21 08:38:55 PM,15.091
109,04/12/21 08:39:00 PM,15.091
110,04/12/21 08:39:05 PM,15.091
111,04/12/21 08:39:10 PM,14.996
112,04/12/21 08:39:15 PM,14.996
113,04/12/21 08:39:20 PM,14.996
114,04/12/21 08:39:25 PM,14.996
115,04/12/21 08:39:30 PM,14.996
116,04/12/21 08:39:35 PM,14.996
117,04/12/21 08:39:40 PM,14.996
118,04/12/21 08:39:45 PM,14.996
119,04/12/21 08:39:50 PM,14.900
120,04/12/21 08:39:55 PM,14.900
121,04/12/21 08:40:00 PM,14.900
122,04/12/21 08:40:05 PM,14.900
123,04/12/21 08:40:10 PM,14.900
124,04/12/21 08:40:15 PM,14.900
125,04/12/21 08:40:20 PM,14.900
126,04/12/21 08:40:25 PM,14.900
127,04/12/21 08:40:30 PM,14.900
128,04/12/21 08:40:35 PM,14.804
129,04/12/21 08:40:40 PM,14.804
130,04/12/21 08:40:45 PM,14.804
131,04/12/21 08:40:50 PM,14.804
132,04/12/21 08:40:55 PM,14.804
133,04/12/21 08:41:00 PM,14.709
134,04/12/21 08:41:05 PM,14.709
135,04/12/21 08:41:10 PM,14.709
136,04/12/21 08:41:15 PM,14.613
137,04/12/21 08:41:20 PM,14.613
138,04/12/21 08:41:25 PM,14.613
139,04/12/21 08:41:30 PM,14.613
140,04/12/21 08:41:35 PM,14.613
141,04/12/21 08:41:40 PM,14.613
142,04/12/21 08:41:45 PM,14.613
143,04/12/21 08:41:50 PM,14.517
144,04/12/21 08:41:55 PM,14.517
145,04/12/21 08:42:00 PM,14.517
146,04/12/21 08:42:05 PM,14.421
147,04/12/21 08:42:10 PM,14.421
148,04/12/21 08:42:15 PM,14.325
149,04/12/21 08:42:20 PM,14.325
150,04/12/21 08:42:25 PM,14.230
151,04/12/21 08:42:30 PM,14.230
152,04/12/21 08:42:35 PM,14.134
153,04/12/21 08:42:40 PM,14.038
154,04/12/21 08:42:45 PM,14.038
155,04/12/21 08:42:50 PM,13.942
156,04/12/21 08:42:55 PM,13.942
157,04/12/21 08:43:00 PM,13.942
158,04/12/21 08:43:05 PM,13.846
159,04/12/21 08:43:10 PM,13.846
160,04/12/21 08:43:15 PM,13.750
161,04/12/21 08:43:20 PM,13.654
162,04/12/21 08:43:25 PM,13.654
163,04/12/21 08:43:30 PM,13.558
164,04/12/21 08:43:35 PM,13.461
165,04/12/21 08:43:40 PM,13.461
166,04/12/21 08:43:45 PM,13.365
167,04/12/21 08:43:50 PM,13.365
168,04/12/21 08:43:55 PM,13.269
169,04/12/21 08:44:00 PM,13.173
170,04/12/21 08:44:05 PM,13.173
171,04/12/21 08:44:10 PM,13.076
172,04/12/21 08:44:15 PM,13.076
173,04/12/21 08:44:20 PM,12.980
174,04/12/21 08:44:25 PM,12.883
175,04/12/21 08:44:30 PM,12.883
176,04/12/21 08:44:35 PM,12.883
177,04/12/21 08:44:40 PM,12.883
178,04/12/21 08:44:45 PM,12.787
179,04/12/21 08:44:50 PM,12.787
180,04/12/21 08:44:55 PM,12.690
181,04/12/21 08:45:00 PM,12.690
182,04/12/21 08:45:05 PM,12.690
183,04/12/21 08:45:10 PM,12.594
184,04/12/21 08:45:15 PM,12.497
185,04/12/21 08:45:20 PM,12.497
186,04/12/21 08:45:25 PM,12.401
187,04/12/21 08:45:30 PM,12.304
188,04/12/21 08:45:35 PM,12.207
189,04/12/21 08:45:40 PM,12.110
190,04/12/21 08:45:45 PM,12.013
191,04/12/21 08:45:50 PM,11.916
192,04/12/21 08:45:55 PM,11.916
193,04/12/21 08:46:00 PM,11.819
194,04/12/21 08:46:05 PM,11.722
195,04/12/21 08:46:10 PM,11.625
196,04/12/21 08:46:15 PM,11.528
197,04/12/21 08:46:20 PM,11.431
198,04/12/21 08:46:25 PM,11.334
199,04/12/21 08:46:30 PM,11.334
200,04/12/21 08:46:35 PM,11.236
201,04/12/21 08:46:40 PM,11.236
202,04/12/21 08:46:45 PM,11.236
203,04/12/21 08:46:50 PM,11.139
204,04/12/21 08:46:55 PM,11.139
205,04/12/21 08:47:00 PM,11.139
206,04/12/21 08:47:05 PM,11.041
207,04/12/21 08:47:10 PM,11.041
208,04/12/21 08:47:15 PM,11.041
209,04/12/21 08:47:20 PM,11.041
210,04/12/21 08:47:25 PM,11.041
211,04/12/21 08:47:30 PM,11.139
212,04/12/21 08:47:35 PM,11.236
213,04/12/21 08:47:40 PM,11.334
214,04/12/21 08:47:45 PM,11.431
215,04/12/21 08:47:50 PM,11.528
216,04/12/21 08:47:55 PM,11.625
217,04/12/21 08:48:00 PM,11.722
218,04/12/21 08:48:05 PM,11.722
219,04/12/21 08:48:10 PM,11.722
220,04/12/21 08:48:15 PM,11.819
221,04/12/21 08:48:20 PM,11.819
222,04/12/21 08:48:25 PM,11.916
223,04/12/21 08:48:30 PM,11.916
224,04/12/21 08:48:35 PM,12.013
225,04/12/21 08:48:40 PM,12.110
226,04/12/21 08:48:45 PM,12.110
227,04/12/21 08:48:50 PM,12.110
228,04/12/21 08:48:55 PM,12.110
229,04/12/21 08:49:00 PM,12.110
230,04/12/21 08:49:05 PM,12.013
231,04/12/21 08:49:10 PM,11.916
232,04/12/21 08:49:15 PM,11.916
233,04/12/21 08:49:20 PM,11.819
234,04/12/21 08:49:25 PM,11.819
235,04/12/21 08:49:30 PM,11.722
236,04/12/21 08:49:35 PM,11.722
237,04/12/21 08:49:40 PM,11.625
238,04/12/21 08:49:45 PM,11.625
239,04/12/21 08:49:50 PM,11.722
240,04/12/21 08:49:55 PM,11.722
241,04/12/21 08:50:00 PM,11.722
242,04/12/21 08:50:05 PM,11.722
243,04/12/21 08:50:10 PM,11.819
244,04/12/21 08:50:15 PM,11.722
245,04/12/21 08:50:20 PM,11.722
246,04/12/21 08:50:25 PM,11.722
247,04/12/21 08:50:30 PM,11.625
248,04/12/21 08:50:35 PM,11.625
249,04/12/21 08:50:40 PM,11.528
250,04/12/21 08:50:45 PM,11.528
251,04/12/21 08:50:50 PM,11.528
252,04/12/21 08:50:55 PM,11.431
253,04/12/21 08:51:00 PM,11.431
254,04/12/21 08:51:05 PM,11.334
255,04/12/21 08:51:10 PM,11.334
256,04/12/21 08:51:15 PM,11.236
257,04/12/21 08:51:20 PM,11.139
258,04/12/21 08:51:25 PM,11.041
259,04/12/21 08:51:30 PM,10.944
260,04/12/21 08:51:35 PM,10.846
261,04/12/21 08:51:40 PM,10.748
262,04/12/21 08:51:45 PM,10.651
263,04/12/21 08:51:50 PM,10.455
264,04/12/21 08:51:55 PM,10.357
265,04/12/21 08:52:00 PM,10.259
266,04/12/21 08:52:05 PM,10.161
267,04/12/21 08:52:10 PM,10.063
268,04/12/21 08:52:15 PM,9.965
269,04/12/21 08:52:20 PM,9.866
270,04/12/21 08:52:25 PM,9.768
271,04/12/21 08:52:30 PM,9.669
272,04/12/21 08:52:35 PM,9.571
273,04/12/21 08:52:40 PM,9.571
274,04/12/21 08:52:45 PM,9.472
275,04/12/21 08:52:50 PM,9.373
276,04/12/21 08:52:55 PM,9.275
277,04/12/21 08:53:00 PM,9.275
278,04/12/21 08:53:05 PM,9.176
279,04/12/21 08:53:10 PM,9.077
280,04/12/21 08:53:15 PM,9.077
281,04/12/21 08:53:20 PM,8.978
282,04/12/21 08:53:25 PM,8.879
283,04/12/21 08:53:30 PM,8.879
284,04/12/21 08:53:35 PM,8.779
285,04/12/21 08:53:40 PM,8.680
286,04/12/21 08:53:45 PM,8.581
287,04/12/21 08:53:50 PM,8.581
288,04/12/21 08:53:55 PM,8.481
289,04/12/21 08:54:00 PM,8.481
290,04/12/21 08:54:05 PM,8.382
291,04/12/21 08:54:10 PM,8.282
292,04/12/21 08:54:15 PM,8.182
293,04/12/21 08:54:20 PM,8.182
294,04/12/21 08:54:25 PM,8.082
295,04/12/21 08:54:30 PM,8.082
296,04/12/21 08:54:35 PM,7.983
297,04/12/21 08:54:40 PM,7.882
298,04/12/21 08:54:45 PM,7.882
299,04/12/21 08:54:50 PM,7.782
300,04/12/21 08:54:55 PM,7.782
301,04/12/21 08:55:00 PM,7.682
302,04/12/21 08:55:05 PM,7.682
303,04/12/21 08:55:10 PM,7.582
304,04/12/21 08:55:15 PM,7.582
305,04/12/21 08:55:20 PM,7.582
306,04/12/21 08:55:25 PM,7.582
307,04/12/21 08:55:30 PM,7.682
308,04/12/21 08:55:35 PM,7.682
309,04/12/21 08:55:40 PM,7.682
310,04/12/21 08:55:45 PM,7.682
311,04/12/21 08:55:50 PM,7.682
312,04/12/21 08:55:55 PM,7.582
313,04/12/21 08:56:00 PM,7.582
314,04/12/21 08:56:05 PM,7.481
315,04/12/21 08:56:10 PM,7.481
316,04/12/21 08:56:15 PM,7.481
317,04/12/21 08:56:20 PM,7.582
318,04/12/21 08:56:25 PM,7.582
319,04/12/21 08:56:30 PM,7.682
320,04/12/21 08:56:35 PM,7.682
321,04/12/21 08:56:40 PM,7.682
322,04/12/21 08:56:45 PM,7.682
323,04/12/21 08:56:50 PM,7.682
324,04/12/21 08:56:55 PM,7.582
325,04/12/21 08:57:00 PM,7.682
326,04/12/21 08:57:05 PM,7.682
327,04/12/21 08:57:10 PM,7.782
328,04/12/21 08:57:15 PM,7.882
329,04/12/21 08:57:20 PM,7.882
330,04/12/21 08:57:25 PM,7.983
331,04/12/21 08:57:30 PM,7.983
332,04/12/21 08:57:35 PM,7.983
333,04/12/21 08:57:40 PM,7.882
334,04/12/21 08:57:45 PM,7.882
335,04/12/21 08:57:50 PM,7.882
336,04/12/21 08:57:55 PM,7.782
337,04/12/21 08:58:00 PM,7.782
338,04/12/21 08:58:05 PM,7.682
339,04/12/21 08:58:10 PM,7.682
340,04/12/21 08:58:15 PM,7.582
341,04/12/21 08:58:20 PM,7.582
342,04/12/21 08:58:25 PM,7.481
343,04/12/21 08:58:30 PM,7.481
344,04/12/21 08:58:35 PM,7.481
345,04/12/21 08:58:40 PM,7.481
346,04/12/21 08:58:45 PM,7.582
347,04/12/21 08:58:50 PM,7.682
348,04/12/21 08:58:55 PM,7.782
349,04/12/21 08:59:00 PM,7.882
350,04/12/21 08:59:05 PM,8.082
351,04/12/21 08:59:10 PM,8.182
352,04/12/21 08:59:15 PM,8.382
353,04/12/21 08:59:20 PM,8.481
354,04/12/21 08:59:25 PM,8.680
355,04/12/21 08:59:30 PM,8.779
356,04/12/21 08:59:35 PM,8.978
357,04/12/21 08:59:40 PM,9.077
358,04/12/21 08:59:45 PM,9.176
359,04/12/21 08:59:50 PM,9.275
360,04/12/21 08:59:55 PM,9.373
361,04/12/21 09:00:00 PM,9.472
362,04/12/21 09:00:05 PM,9.571
363,04/12/21 09:00:10 PM,9.571
364,04/12/21 09:00:15 PM,9.669
365,04/12/21 09:00:20 PM,9.768
366,04/12/21 09:00:25 PM,9.768
367,04/12/21 09:00:30 PM,9.866
368,04/12/21 09:00:35 PM,9.965
369,04/12/21 09:00:40 PM,9.965
370,04/12/21 09:00:45 PM,10.063
371,04/12/21 09:00:50 PM,10.063
372,04/12/21 09:00:55 PM,10.161
373,04/12/21 09:01:00 PM,10.161
374,04/12/21 09:01:05 PM,10.259
375,04/12/21 09:01:10 PM,10.259
376,04/12/21 09:01:15 PM,10.357
377,04/12/21 09:01:20 PM,10.357
378,04/12/21 09:01:25 PM,10.455
379,04/12/21 09:01:30 PM,10.455
380,04/12/21 09:01:35 PM,10.455
381,04/12/21 09:01:40 PM,10.553
382,04/12/21 09:01:45 PM,10.553
383,04/12/21 09:01:50 PM,10.553
384,04/12/21 09:01:55 PM,10.651
385,04/12/21 09:02:00 PM,10.651
386,04/12/21 09:02:05 PM,10.651
387,04/12/21 09:02:10 PM,10.748
388,04/12/21 09:02:15 PM,10.748
389,04/12/21 09:02:20 PM,10.748
390,04/12/21 09:02:25 PM,10.748
391,04/12/21 09:02:30 PM,10.846
392,04/12/21 09:02:35 PM,10.846
393,04/12/21 09:02:40 PM,10.846
394,04/12/21 09:02:45 PM,10.846
395,04/12/21 09:02:50 PM,10.846
396,04/12/21 09:02:55 PM,10.944
397,04/12/21 09:03:00 PM,10.944
398,04/12/21 09:03:05 PM,10.944
399,04/12/21 09:03:10 PM,10.944
400,04/12/21 09:03:15 PM,10.944
401,04/12/21 09:03:20 PM,11.041
402,04/12/21 09:03:25 PM,11.041
403,04/12/21 09:03:30 PM,11.041
404,04/12/21 09:03:35 PM,11.041
405,04/12/21 09:03:40 PM,11.041
406,04/12/21 09:03:45 PM,11.041
407,04/12/21 09:03:50 PM,11.041
408,04/12/21 09:03:55 PM,11.139
409,04/12/21 09:04:00 PM,11.139
410,04/12/21 09:04:05 PM,11.139
411,04/12/21 09:04:10 PM,11.139
412,04/12/21 09:04:15 PM,11.139
413,04/12/21 09:04:20 PM,11.139
414,04/12/21 09:04:25 PM,11.139
415,04/12/21 09:04:30 PM,11.139
416,04/12/21 09:04:35 PM,11.236
417,04/12/21 09:04:40 PM,11.236
418,04/12/21 09:04:45 PM,11.236
419,04/12/21 09:04:50 PM,11.236
420,04/12/21 09:04:55 PM,11.236
421,04/12/21 09:05:00 PM,11.236
422,04/12/21 09:05:05 PM,11.236
423,04/12/21 09:05:10 PM,11.236
424,04/12/21 09:05:15 PM,11.236
425,04/12/21 09:05:20 PM,11.236
426,04/12/21 09:05:25 PM,11.236
427,04/12/21 09:05:30 PM,11.236
428,04/12/21 09:05:35 PM,11.236
429,04/12/21 09:05:40 PM,11.334
430,04/12/21 09:05:45 PM,11.334
431,04/12/21 09:05:50 PM,11.334
432,04/12/21 09:05:55 PM,11.334
433,04/12/21 09:06:00 PM,11.334
434,04/12/21 09:06:05 PM,11.334
435,04/12/21 09:06:10 PM,11.334
436,04/12/21 09:06:15 PM,11.334
437,04/12/21 09:06:20 PM,11.334
438,04/12/21 09:06:25 PM,11.334
439,04/12/21 09:06:30 PM,11.334
440,04/12/21 09:06:35 PM,11.334
441,04/12/21 09:06:40 PM,11.334
442,04/12/21 09:06:45 PM,11.334
443,04/12/21 09:06:50 PM,11.334
444,04/12/21 09:06:55 PM,11.334
445,04/12/21 09:07:00 PM,11.334
446,04/12/21 09:07:05 PM,11.334
447,04/12/21 09:07:10 PM,11.334
448,04/12/21 09:07:15 PM,11.334
449,04/12/21 09:07:20 PM,11.334
450,04/12/21 09:07:25 PM,11.431
451,04/12/21 09:07:30 PM,11.431
452,04/12/21 09:07:35 PM,11.431
453,04/12/21 09:07:40 PM,11.431
454,04/12/21 09:07:45 PM,11.431
455,04/12/21 09:07:50 PM,11.431
456,04/12/21 09:07:55 PM,11.431
457,04/12/21 09:08:00 PM,11.431
458,04/12/21 09:08:05 PM,11.431
459,04/12/21 09:08:10 PM,11.431
460,04/12/21 09:08:15 PM,11.431
461,04/12/21 09:08:20 PM,11.431
462,04/12/21 09:08:25 PM,11.431
463,04/12/21 09:08:30 PM,11.431
464,04/12/21 09:08:35 PM,11.431
465,04/12/21 09:08:40 PM,11.431
466,04/12/21 09:08:45 PM,11.431
467,04/12/21 09:08:50 PM,11.431
468,04/12/21 09:08:55 PM,11.431
469,04/12/21 09:09:00 PM,11.431
470,04/12/21 09:09:05 PM,11.431
471,04/12/21 09:09:10 PM,11.431
472,04/12/21 09:09:15 PM,11.431
473,04/12/21 09:09:20 PM,11.431
474,04/12/21 09:09:25 PM,11.431
475,04/12/21 09:09:30 PM,11.431
476,04/12/21 09:09:35 PM,11.431
477,04/12/21 09:09:40 PM,11.431
478,04/12/21 09:09:45 PM,11.431
479,04/12/21 09:09:50 PM,11.431
480,04/12/21 09:09:55 PM,11.431
481,04/12/21 09:10:00 PM,11.431
482,04/12/21 09:10:05 PM,11.431
483,04/12/21 09:10:10 PM,11.431
484,04/12/21 09:10:15 PM,11.431
485,04/12/21 09:10:20 PM,11.431
486,04/12/21 09:10:25 PM,11.431
487,04/12/21 09:10:30 PM,11.431
488,04/12/21 09:10:35 PM,11.431
489,04/12/21 09:10:40 PM,11.431
490,04/12/21 09:10:45 PM,11.431
491,04/12/21 09:10:50 PM,11.431
492,04/12/21 09:10:55 PM,11.431
493,04/12/21 09:11:00 PM,11.431
494,04/12/21 09:11:05 PM,11.431
495,04/12/21 09:11:10 PM,11.431
496,04/12/21 09:11:15 PM,11.431
497,04/12/21 09:11:20 PM,11.431
498,04/12/21 09:11:25 PM,11.431
499,04/12/21 09:11:30 PM,11.431
500,04/12/21 09:11:35 PM,11.431
501,04/12/21 09:11:40 PM,11.431
502,04/12/21 09:11:45 PM,11.431
503,04/12/21 09:11:50 PM,11.431
504,04/12/21 09:11:55 PM,11.431
505,04/12/21 09:12:00 PM,11.431
506,04/12/21 09:12:05 PM,11.431
507,04/12/21 09:12:10 PM,11.431
508,04/12/21 09:12:15 PM,11.431
509,04/12/21 09:12:20 PM,11.431
510,04/12/21 09:12:25 PM,11.431
511,04/12/21 09:12:30 PM,11.431
512,04/12/21 09:12:35 PM,11.431
513,04/12/21 09:12:40 PM,11.431
514,04/12/21 09:12:45 PM,11.431
515,04/12/21 09:12:50 PM,11.431
516,04/12/21 09:12:55 PM,11.431
517,04/12/21 09:13:00 PM,11.431
518,04/12/21 09:13:05 PM,11.431
519,04/12/21 09:13:10 PM,11.431
520,04/12/21 09:13:15 PM,11.431
521,04/12/21 09:13:20 PM,11.431
522,04/12/21 09:13:25 PM,11.431
523,04/12/21 09:13:30 PM,11.431
524,04/12/21 09:13:35 PM,11.431
525,04/12/21 09:13:40 PM,11.431
526,04/12/21 09:13:45 PM,11.431
527,04/12/21 09:13:50 PM,11.431
528,04/12/21 09:13:55 PM,11.431
529,04/12/21 09:14:00 PM,11.431
530,04/12/21 09:14:05 PM,11.431
531,04/12/21 09:14:10 PM,11.431
532,04/12/21 09:14:15 PM,11.431
533,04/12/21 09:14:20 PM,11.431
534,04/12/21 09:14:25 PM,11.431
535,04/12/21 09:14:30 PM,11.431
536,04/12/21 09:14:35 PM,11.431
537,04/12/21 09:14:40 PM,11.431
538,04/12/21 09:14:45 PM,11.431
539,04/12/21 09:14:50 PM,11.431
540,04/12/21 09:14:55 PM,11.431
541,04/12/21 09:15:00 PM,11.431
542,04/12/21 09:15:05 PM,11.431
543,04/12/21 09:15:10 PM,11.431
544,04/12/21 09:15:15 PM,11.431
545,04/12/21 09:15:20 PM,11.431
546,04/12/21 09:15:25 PM,11.431
547,04/12/21 09:15:30 PM,11.431
548,04/12/21 09:15:35 PM,11.431
549,04/12/21 09:15:40 PM,11.431
550,04/12/21 09:15:45 PM,11.431
551,04/12/21 09:15:50 PM,11.431
552,04/12/21 09:15:55 PM,11.431
553,04/12/21 09:16:00 PM,11.431
554,04/12/21 09:16:05 PM,11.431
555,04/12/21 09:16:10 PM,11.431
556,04/12/21 09:16:15 PM,11.431
557,04/12/21 09:16:20 PM,11.431
558,04/12/21 09:16:25 PM,11.431
559,04/12/21 09:16:30 PM,11.431
560,04/12/21 09:16:35 PM,11.431
561,04/12/21 09:16:40 PM,11.431
562,04/12/21 09:16:45 PM,11.431
563,04/12/21 09:16:50 PM,11.431
564,04/12/21 09:16:55 PM,11.431
565,04/12/21 09:17:00 PM,11.431
566,04/12/21 09:17:05 PM,11.431
567,04/12/21 09:17:10 PM,11.431
568,04/12/21 09:17:15 PM,11.431
569,04/12/21 09:17:20 PM,11.431
570,04/12/21 09:17:25 PM,11.431
571,04/12/21 09:17:30 PM,11.431
572,04/12/21 09:17:35 PM,11.431
573,04/12/21 09:17:40 PM,11.431
574,04/12/21 09:17:45 PM,11.431
575,04/12/21 09:17:50 PM,11.431
576,04/12/21 09:17:55 PM,11.431
577,04/12/21 09:18:00 PM,11.431
578,04/12/21 09:18:05 PM,11.431
579,04/12/21 09:18:10 PM,11.431
580,04/12/21 09:18:15 PM,11.431
581,04/12/21 09:18:20 PM,11.431
582,04/12/21 09:18:25 PM,11.431
583,04/12/21 09:18:30 PM,11.431
584,04/12/21 09:18:35 PM,11.431
585,04/12/21 09:18:40 PM,11.431
586,04/12/21 09:18:45 PM,11.431
587,04/12/21 09:18:50 PM,11.431
588,04/12/21 09:18:55 PM,11.431
589,04/12/21 09:19:00 PM,11.431
590,04/12/21 09:19:05 PM,11.431
591,04/12/21 09:19:10 PM,11.431
592,04/12/21 09:19:15 PM,11.431
593,04/12/21 09:19:20 PM,11.431
594,04/12/21 09:19:25 PM,11.431
595,04/12/21 09:19:30 PM,11.431
596,04/12/21 09:19:35 PM,11.431
597,04/12/21 09:19:40 PM,11.431
598,04/12/21 09:19:45 PM,11.431
599,04/12/21 09:19:50 PM,11.431
600,04/12/21 09:19:55 PM,11.431
601,04/12/21 09:20:00 PM,11.431
602,04/12/21 09:20:05 PM,11.431
603,04/12/21 09:20:10 PM,11.431
604,04/12/21 09:20:15 PM,11.431
605,04/12/21 09:20:20 PM,11.431
606,04/12/21 09:20:25 PM,11.431
607,04/12/21 09:20:30 PM,11.431
608,04/12/21 09:20:35 PM,11.431
609,04/12/21 09:20:40 PM,11.431
610,04/12/21 09:20:45 PM,11.431
611,04/12/21 09:20:50 PM,11.431
612,04/12/21 09:20:55 PM,11.431
613,04/12/21 09:21:00 PM,11.431
614,04/12/21 09:21:05 PM,11.431
615,04/12/21 09:21:10 PM,11.431
616,04/12/21 09:21:15 PM,11.431
617,04/12/21 09:21:20 PM,11.431
618,04/12/21 09:21:25 PM,11.431
619,04/12/21 09:21:30 PM,11.431
620,04/12/21 09:21:35 PM,11.431
621,04/12/21 09:21:40 PM,11.431
622,04/12/21 09:21:45 PM,11.431
623,04/12/21 09:21:50 PM,11.431
624,04/12/21 09:21:55 PM,11.431
625,04/12/21 09:22:00 PM,11.431
626,04/12/21 09:22:05 PM,11.431
627,04/12/21 09:22:10 PM,11.528
628,04/12/21 09:22:15 PM,11.528
629,04/12/21 09:22:20 PM,11.528
630,04/12/21 09:22:25 PM,11.528
631,04/12/21 09:22:30 PM,11.528
632,04/12/21 09:22:35 PM,11.528
633,04/12/21 09:22:40 PM,11.528
634,04/12/21 09:22:45 PM,11.528
635,04/12/21 09:22:50 PM,11.528
636,04/12/21 09:22:55 PM,11.528
637,04/12/21 09:23:00 PM,11.528
638,04/12/21 09:23:05 PM,11.528
639,04/12/21 09:23:10 PM,11.528
640,04/12/21 09:23:15 PM,11.528
641,04/12/21 09:23:20 PM,11.528
642,04/12/21 09:23:25 PM,11.528
643,04/12/21 09:23:30 PM,11.528
644,04/12/21 09:23:35 PM,11.528
645,04/12/21 09:23:40 PM,11.528
646,04/12/21 09:23:45 PM,11.528
647,04/12/21 09:23:50 PM,11.528
648,04/12/21 09:23:55 PM,11.528
649,04/12/21 09:24:00 PM,11.528
650,04/12/21 09:24:05 PM,11.528
651,04/12/21 09:24:10 PM,11.528
652,04/12/21 09:24:15 PM,11.528
653,04/12/21 09:24:20 PM,11.528
654,04/12/21 09:24:25 PM,11.528
655,04/12/21 09:24:30 PM,11.528
656,04/12/21 09:24:35 PM,11.528
657,04/12/21 09:24:40 PM,11.528
658,04/12/21 09:24:45 PM,11.528
659,04/12/21 09:24:50 PM,11.528
660,04/12/21 09:24:55 PM,11.528
661,04/12/21 09:25:00 PM,11.528
662,04/12/21 09:25:05 PM,11.528
663,04/12/21 09:25:10 PM,11.528
664,04/12/21 09:25:15 PM,11.625
665,04/12/21 09:25:20 PM,11.625
666,04/12/21 09:25:25 PM,11.625
667,04/12/21 09:25:30 PM,11.625
668,04/12/21 09:25:35 PM,11.625
669,04/12/21 09:25:40 PM,11.625
670,04/12/21 09:25:45 PM,11.625
671,04/12/21 09:25:50 PM,11.625
672,04/12/21 09:25:55 PM,11.625
673,04/12/21 09:26:00 PM,11.625
674,04/12/21 09:26:05 PM,11.625
675,04/12/21 09:26:10 PM,11.625
676,04/12/21 09:26:15 PM,11.625
677,04/12/21 09:26:20 PM,11.625
678,04/12/21 09:26:25 PM,11.625
679,04/12/21 09:26:30 PM,11.625
680,04/12/21 09:26:35 PM,11.625
681,04/12/21 09:26:40 PM,11.625
682,04/12/21 09:26:45 PM,11.625
683,04/12/21 09:26:50 PM,11.625
684,04/12/21 09:26:55 PM,11.625
685,04/12/21 09:27:00 PM,11.625
686,04/12/21 09:27:05 PM,11.625
687,04/12/21 09:27:10 PM,11.625
688,04/12/21 09:27:15 PM,11.625
689,04/12/21 09:27:20 PM,11.625
690,04/12/21 09:27:25 PM,11.625
691,04/12/21 09:27:30 PM,11.625
692,04/12/21 09:27:35 PM,11.625
693,04/12/21 09:27:40 PM,11.625
694,04/12/21 09:27:45 PM,11.625
695,04/12/21 09:27:50 PM,11.625
696,04/12/21 09:27:55 PM,11.625
697,04/12/21 09:28:00 PM,11.625
698,04/12/21 09:28:05 PM,11.625
699,04/12/21 09:28:10 PM,11.625
700,04/12/21 09:28:15 PM,11.625
701,04/12/21 09:28:20 PM,11.625
702,04/12/21 09:28:25 PM,11.625
703,04/12/21 09:28:30 PM,11.625
704,04/12/21 09:28:35 PM,11.625
705,04/12/21 09:28:40 PM,11.625
706,04/12/21 09:28:45 PM,11.625
707,04/12/21 09:28:50 PM,11.625
708,04/12/21 09:28:55 PM,11.625
709,04/12/21 09:29:00 PM,11.625
710,04/12/21 09:29:05 PM,11.625
711,04/12/21 09:29:10 PM,11.625
712,04/12/21 09:29:15 PM,11.625
713,04/12/21 09:29:20 PM,11.722
714,04/12/21 09:29:25 PM,11.722
715,04/12/21 09:29:30 PM,11.722
716,04/12/21 09:29:35 PM,11.722
717,04/12/21 09:29:40 PM,11.722
718,04/12/21 09:29:45 PM,11.722
719,04/12/21 09:29:50 PM,11.722
720,04/12/21 09:29:55 PM,11.722
721,04/12/21 09:30:00 PM,11.722
722,04/12/21 09:30:05 PM,11.722
723,04/12/21 09:30:10 PM,11.722
724,04/12/21 09:30:15 PM,11.722
725,04/12/21 09:30:20 PM,11.722
726,04/12/21 09:30:25 PM,11.722
727,04/12/21 09:30:30 PM,11.722
728,04/12/21 09:30:35 PM,11.722
729,04/12/21 09:30:40 PM,11.722
730,04/12/21 09:30:45 PM,11.722
731,04/12/21 09:30:50 PM,11.722
732,04/12/21 09:30:55 PM,11.722
733,04/12/21 09:31:00 PM,11.722
734,04/12/21 09:31:05 PM,11.722
735,04/12/21 09:31:10 PM,11.722
736,04/12/21 09:31:15 PM,11.722
737,04/12/21 09:31:20 PM,11.722
738,04/12/21 09:31:25 PM,11.722
739,04/12/21 09:31:30 PM,11.722
740,04/12/21 09:31:35 PM,11.722
741,04/12/21 09:31:40 PM,11.722
742,04/12/21 09:31:45 PM,11.722
743,04/12/21 09:31:50 PM,11.722
744,04/12/21 09:31:55 PM,11.722
745,04/12/21 09:32:00 PM,11.722
746,04/12/21 09:32:05 PM,11.722
747,04/12/21 09:32:10 PM,11.722
748,04/12/21 09:32:15 PM,11.722
749,04/12/21 09:32:20 PM,11.722
750,04/12/21 09:32:25 PM,11.722
751,04/12/21 09:32:30 PM,11.722
752,04/12/21 09:32:35 PM,11.722
753,04/12/21 09:32:40 PM,11.722
754,04/12/21 09:32:45 PM,11.722
755,04/12/21 09:32:50 PM,11.722
756,04/12/21 09:32:55 PM,11.722
757,04/12/21 09:33:00 PM,11.722
758,04/12/21 09:33:05 PM,11.722
759,04/12/21 09:33:10 PM,11.722
760,04/12/21 09:33:15 PM,11.722
761,04/12/21 09:33:20 PM,11.722
762,04/12/21 09:33:25 PM,11.722
763,04/12/21 09:33:30 PM,11.722
764,04/12/21 09:33:35 PM,11.722
765,04/12/21 09:33:40 PM,11.722
766,04/12/21 09:33:45 PM,11.722
767,04/12/21 09:33:50 PM,11.625
768,04/12/21 09:33:55 PM,11.625
769,04/12/21 09:34:00 PM,11.625
770,04/12/21 09:34:05 PM,11.625
771,04/12/21 09:34:10 PM,11.625
772,04/12/21 09:34:15 PM,11.625
773,04/12/21 09:34:20 PM,11.625
774,04/12/21 09:34:25 PM,11.625
775,04/12/21 09:34:30 PM,11.625
776,04/12/21 09:34:35 PM,11.625
777,04/12/21 09:34:40 PM,11.625
778,04/12/21 09:34:45 PM,11.625
779,04/12/21 09:34:50 PM,11.625
780,04/12/21 09:34:55 PM,11.625
781,04/12/21 09:35:00 PM,11.625
782,04/12/21 09:35:05 PM,11.625
783,04/12/21 09:35:10 PM,11.625
784,04/12/21 09:35:15 PM,11.625
785,04/12/21 09:35:20 PM,11.625
786,04/12/21 09:35:25 PM,11.625
787,04/12/21 09:35:30 PM,11.625
788,04/12/21 09:35:35 PM,11.625
789,04/12/21 09:35:40 PM,11.625
790,04/12/21 09:35:45 PM,11.625
791,04/12/21 09:35:50 PM,11.625
792,04/12/21 09:35:55 PM,11.625
793,04/12/21 09:36:00 PM,11.625
794,04/12/21 09:36:05 PM,11.625
795,04/12/21 09:36:10 PM,11.625
796,04/12/21 09:36:15 PM,11.625
797,04/12/21 09:36:20 PM,11.625
798,04/12/21 09:36:25 PM,11.625
799,04/12/21 09:36:30 PM,11.625
800,04/12/21 09:36:35 PM,11.625
801,04/12/21 09:36:40 PM,11.625
802,04/12/21 09:36:45 PM,11.625
803,04/12/21 09:36:50 PM,11.625
804,04/12/21 09:36:55 PM,11.625
805,04/12/21 09:37:00 PM,11.625
806,04/12/21 09:37:05 PM,11.625
807,04/12/21 09:37:10 PM,11.625
808,04/12/21 09:37:15 PM,11.625
809,04/12/21 09:37:20 PM,11.625
810,04/12/21 09:37:25 PM,11.625
811,04/12/21 09:37:30 PM,11.625
812,04/12/21 09:37:35 PM,11.625
813,04/12/21 09:37:40 PM,11.625
814,04/12/21 09:37:45 PM,11.625
815,04/12/21 09:37:50 PM,11.625
816,04/12/21 09:37:55 PM,11.625
817,04/12/21 09:38:00 PM,11.625
818,04/12/21 09:38:05 PM,11.625
819,04/12/21 09:38:10 PM,11.625
820,04/12/21 09:38:15 PM,11.625
821,04/12/21 09:38:20 PM,11.625
822,04/12/21 09:38:25 PM,11.625
823,04/12/21 09:38:30 PM,11.625
824,04/12/21 09:38:35 PM,11.625
825,04/12/21 09:38:40 PM,11.625
826,04/12/21 09:38:45 PM,11.625
827,04/12/21 09:38:50 PM,11.625
828,04/12/21 09:38:55 PM,11.625
829,04/12/21 09:39:00 PM,11.625
830,04/12/21 09:39:05 PM,11.625
831,04/12/21 09:39:10 PM,11.625
832,04/12/21 09:39:15 PM,11.625
833,04/12/21 09:39:20 PM,11.625
834,04/12/21 09:39:25 PM,11.625
835,04/12/21 09:39:30 PM,11.625
836,04/12/21 09:39:35 PM,11.625
837,04/12/21 09:39:40 PM,11.625
838,04/12/21 09:39:45 PM,11.625
839,04/12/21 09:39:50 PM,11.625
840,04/12/21 09:39:55 PM,11.625
841,04/12/21 09:40:00 PM,11.625
842,04/12/21 09:40:05 PM,11.625
843,04/12/21 09:40:10 PM,11.625
844,04/12/21 09:40:15 PM,11.625
845,04/12/21 09:40:20 PM,11.625
846,04/12/21 09:40:25 PM,11.625
847,04/12/21 09:40:30 PM,11.625
848,04/12/21 09:40:35 PM,11.625
849,04/12/21 09:40:40 PM,11.625
850,04/12/21 09:40:45 PM,11.625
851,04/12/21 09:40:50 PM,11.625
852,04/12/21 09:40:55 PM,11.625
853,04/12/21 09:41:00 PM,11.625
854,04/12/21 09:41:05 PM,11.625
855,04/12/21 09:41:10 PM,11.625
856,04/12/21 09:41:15 PM,11.625
857,04/12/21 09:41:20 PM,11.625
858,04/12/21 09:41:25 PM,11.625
859,04/12/21 09:41:30 PM,11.625
860,04/12/21 09:41:35 PM,11.625
861,04/12/21 09:41:40 PM,11.625
862,04/12/21 09:41:45 PM,11.625
863,04/12/21 09:41:50 PM,11.625
864,04/12/21 09:41:55 PM,11.625
865,04/12/21 09:42:00 PM,11.625
866,04/12/21 09:42:05 PM,11.625
867,04/12/21 09:42:10 PM,11.625
868,04/12/21 09:42:15 PM,11.625
869,04/12/21 09:42:20 PM,11.625
870,04/12/21 09:42:25 PM,11.625
871,04/12/21 09:42:30 PM,11.625
872,04/12/21 09:42:35 PM,11.625
873,04/12/21 09:42:40 PM,11.625
874,04/12/21 09:42:45 PM,11.722
875,04/12/21 09:42:50 PM,11.625
876,04/12/21 09:42:55 PM,11.625
877,04/12/21 09:43:00 PM,11.625
878,04/12/21 09:43:05 PM,11.625
879,04/12/21 09:43:10 PM,11.625
880,04/12/21 09:43:15 PM,11.722
881,04/12/21 09:43:20 PM,11.625
882,04/12/21 09:43:25 PM,11.625
883,04/12/21 09:43:30 PM,11.722
884,04/12/21 09:43:35 PM,11.722
885,04/12/21 09:43:40 PM,11.722
886,04/12/21 09:43:45 PM,11.722
887,04/12/21 09:43:50 PM,11.722
888,04/12/21 09:43:55 PM,11.722
889,04/12/21 09:44:00 PM,11.722
890,04/12/21 09:44:05 PM,11.722
891,04/12/21 09:44:10 PM,11.722
892,04/12/21 09:44:15 PM,11.722
893,04/12/21 09:44:20 PM,11.625
894,04/12/21 09:44:25 PM,11.722
895,04/12/21 09:44:30 PM,11.625
896,04/12/21 09:44:35 PM,11.722
897,04/12/21 09:44:40 PM,11.625
898,04/12/21 09:44:45 PM,11.722
899,04/12/21 09:44:50 PM,11.625
900,04/12/21 09:44:55 PM,11.625
901,04/12/21 09:45:00 PM,11.625
902,04/12/21 09:45:05 PM,11.625
903,04/12/21 09:45:10 PM,11.625
904,04/12/21 09:45:15 PM,11.625
905,04/12/21 09:45:20 PM,11.625
906,04/12/21 09:45:25 PM,11.625
907,04/12/21 09:45:30 PM,11.625
908,04/12/21 09:45:35 PM,11.625
909,04/12/21 09:45:40 PM,11.625
910,04/12/21 09:45:45 PM,11.625
911,04/12/21 09:45:50 PM,11.625
912,04/12/21 09:45:55 PM,11.625
913,04/12/21 09:46:00 PM,11.625
914,04/12/21 09:46:05 PM,11.625
915,04/12/21 09:46:10 PM,11.625
916,04/12/21 09:46:15 PM,11.625
917,04/12/21 09:46:20 PM,11.625
918,04/12/21 09:46:25 PM,11.625
919,04/12/21 09:46:30 PM,11.625
920,04/12/21 09:46:35 PM,11.625
921,04/12/21 09:46:40 PM,11.625
922,04/12/21 09:46:45 PM,11.625
923,04/12/21 09:46:50 PM,11.625
924,04/12/21 09:46:55 PM,11.625
925,04/12/21 09:47:00 PM,11.625
926,04/12/21 09:47:05 PM,11.625
927,04/12/21 09:47:10 PM,11.625
928,04/12/21 09:47:15 PM,11.625
929,04/12/21 09:47:20 PM,11.625
930,04/12/21 09:47:25 PM,11.625
931,04/12/21 09:47:30 PM,11.625
932,04/12/21 09:47:35 PM,11.625
933,04/12/21 09:47:40 PM,11.625
934,04/12/21 09:47:45 PM,11.625
935,04/12/21 09:47:50 PM,11.625
936,04/12/21 09:47:55 PM,11.625
937,04/12/21 09:48:00 PM,11.625
938,04/12/21 09:48:05 PM,11.625
939,04/12/21 09:48:10 PM,11.625
940,04/12/21 09:48:15 PM,11.625
941,04/12/21 09:48:20 PM,11.625
942,04/12/21 09:48:25 PM,11.625
943,04/12/21 09:48:30 PM,11.625
944,04/12/21 09:48:35 PM,11.625
945,04/12/21 09:48:40 PM,11.625
946,04/12/21 09:48:45 PM,11.625
947,04/12/21 09:48:50 PM,11.625
948,04/12/21 09:48:55 PM,11.625
949,04/12/21 09:49:00 PM,11.625
950,04/12/21 09:49:05 PM,11.625
951,04/12/21 09:49:10 PM,11.625
952,04/12/21 09:49:15 PM,11.625
953,04/12/21 09:49:20 PM,11.625
954,04/12/21 09:49:25 PM,11.625
955,04/12/21 09:49:30 PM,11.625
956,04/12/21 09:49:35 PM,11.625
957,04/12/21 09:49:40 PM,11.625
958,04/12/21 09:49:45 PM,11.625
959,04/12/21 09:49:50 PM,11.625
960,04/12/21 09:49:55 PM,11.625
961,04/12/21 09:50:00 PM,11.625
962,04/12/21 09:50:05 PM,11.625
963,04/12/21 09:50:10 PM,11.625
964,04/12/21 09:50:15 PM,11.625
965,04/12/21 09:50:20 PM,11.625
966,04/12/21 09:50:25 PM,11.625
967,04/12/21 09:50:30 PM,11.625
968,04/12/21 09:50:35 PM,11.625
969,04/12/21 09:50:40 PM,11.625
970,04/12/21 09:50:45 PM,11.625
971,04/12/21 09:50:50 PM,11.625
972,04/12/21 09:50:55 PM,11.625
973,04/12/21 09:51:00 PM,11.625
974,04/12/21 09:51:05 PM,11.528
975,04/12/21 09:51:10 PM,11.528
976,04/12/21 09:51:15 PM,11.528
977,04/12/21 09:51:20 PM,11.528
978,04/12/21 09:51:25 PM,11.528
979,04/12/21 09:51:30 PM,11.528
980,04/12/21 09:51:35 PM,11.528
981,04/12/21 09:51:40 PM,11.528
982,04/12/21 09:51:45 PM,11.528
983,04/12/21 09:51:50 PM,11.528
984,04/12/21 09:51:55 PM,11.528
985,04/12/21 09:52:00 PM,11.528
986,04/12/21 09:52:05 PM,11.528
987,04/12/21 09:52:10 PM,11.528
988,04/12/21 09:52:15 PM,11.528
989,04/12/21 09:52:20 PM,11.528
990,04/12/21 09:52:25 PM,11.528
991,04/12/21 09:52:30 PM,11.528
992,04/12/21 09:52:35 PM,11.528
993,04/12/21 09:52:40 PM,11.528
994,04/12/21 09:52:45 PM,11.528
995,04/12/21 09:52:50 PM,11.528
996,04/12/21 09:52:55 PM,11.528
997,04/12/21 09:53:00 PM,11.528
998,04/12/21 09:53:05 PM,11.625
999,04/12/21 09:53:10 PM,11.625
1000,04/12/21 09:53:15 PM,11.528
1001,04/12/21 09:53:20 PM,11.528
1002,04/12/21 09:53:25 PM,11.528
1003,04/12/21 09:53:30 PM,11.528
1004,04/12/21 09:53:35 PM,11.528
1005,04/12/21 09:53:40 PM,11.528
1006,04/12/21 09:53:45 PM,11.528
1007,04/12/21 09:53:50 PM,11.528
1008,04/12/21 09:53:55 PM,11.528
1009,04/12/21 09:54:00 PM,11.528
1010,04/12/21 09:54:05 PM,11.528
1011,04/12/21 09:54:10 PM,11.528
1012,04/12/21 09:54:15 PM,11.528
1013,04/12/21 09:54:20 PM,11.528
1014,04/12/21 09:54:25 PM,11.625
1015,04/12/21 09:54:30 PM,11.528
1016,04/12/21 09:54:35 PM,11.528
1017,04/12/21 09:54:40 PM,11.528
1018,04/12/21 09:54:45 PM,11.625
1019,04/12/21 09:54:50 PM,11.528
1020,04/12/21 09:54:55 PM,11.528
1021,04/12/21 09:55:00 PM,11.528
1022,04/12/21 09:55:05 PM,11.528
1023,04/12/21 09:55:10 PM,11.528
1024,04/12/21 09:55:15 PM,11.528
1025,04/12/21 09:55:20 PM,11.528
1026,04/12/21 09:55:25 PM,11.528
1027,04/12/21 09:55:30 PM,11.528
1028,04/12/21 09:55:35 PM,11.528
1029,04/12/21 09:55:40 PM,11.528
1030,04/12/21 09:55:45 PM,11.528
1031,04/12/21 09:55:50 PM,11.528
1032,04/12/21 09:55:55 PM,11.528
1033,04/12/21 09:56:00 PM,11.528
1034,04/12/21 09:56:05 PM,11.528
1035,04/12/21 09:56:10 PM,11.528
1036,04/12/21 09:56:15 PM,11.528
1037,04/12/21 09:56:20 PM,11.528
1038,04/12/21 09:56:25 PM,11.528
1039,04/12/21 09:56:30 PM,11.528
1040,04/12/21 09:56:35 PM,11.528
1041,04/12/21 09:56:40 PM,11.528
1042,04/12/21 09:56:45 PM,11.528
1043,04/12/21 09:56:50 PM,11.528
1044,04/12/21 09:56:55 PM,11.528
1045,04/12/21 09:57:00 PM,11.528
1046,04/12/21 09:57:05 PM,11.528
1047,04/12/21 09:57:10 PM,11.528
1048,04/12/21 09:57:15 PM,11.528
1049,04/12/21 09:57:20 PM,11.528
1050,04/12/21 09:57:25 PM,11.528
1051,04/12/21 09:57:30 PM,11.528
1052,04/12/21 09:57:35 PM,11.528
1053,04/12/21 09:57:40 PM,11.528
1054,04/12/21 09:57:45 PM,11.528
1055,04/12/21 09:57:50 PM,11.528
1056,04/12/21 09:57:55 PM,11.528
1057,04/12/21 09:58:00 PM,11.528
1058,04/12/21 09:58:05 PM,11.528
1059,04/12/21 09:58:10 PM,11.528
1060,04/12/21 09:58:15 PM,11.528
1061,04/12/21 09:58:20 PM,11.528
1062,04/12/21 09:58:25 PM,11.528
1063,04/12/21 09:58:30 PM,11.528
1064,04/12/21 09:58:35 PM,11.528
1065,04/12/21 09:58:40 PM,11.528
1066,04/12/21 09:58:45 PM,11.528
1067,04/12/21 09:58:50 PM,11.528
1068,04/12/21 09:58:55 PM,11.528
1069,04/12/21 09:59:00 PM,11.528
1070,04/12/21 09:59:05 PM,11.528
1071,04/12/21 09:59:10 PM,11.528
1072,04/12/21 09:59:15 PM,11.528
1073,04/12/21 09:59:20 PM,11.528
1074,04/12/21 09:59:25 PM,11.528
1075,04/12/21 09:59:30 PM,11.528
1076,04/12/21 09:59:35 PM,11.528
1077,04/12/21 09:59:40 PM,11.528
1078,04/12/21 09:59:45 PM,11.528
1079,04/12/21 09:59:50 PM,11.528
1080,04/12/21 09:59:55 PM,11.528
1081,04/12/21 10:00:00 PM,11.528
1082,04/12/21 10:00:05 PM,11.528
1083,04/12/21 10:00:10 PM,11.528
1084,04/12/21 10:00:15 PM,11.528
1085,04/12/21 10:00:20 PM,11.528
1086,04/12/21 10:00:25 PM,11.528
1087,04/12/21 10:00:30 PM,11.528
1088,04/12/21 10:00:35 PM,11.528
1089,04/12/21 10:00:40 PM,11.528
1090,04/12/21 10:00:45 PM,11.528
1091,04/12/21 10:00:50 PM,11.528
1092,04/12/21 10:00:55 PM,11.528
1093,04/12/21 10:01:00 PM,11.528
1094,04/12/21 10:01:05 PM,11.528
1095,04/12/21 10:01:10 PM,11.528
1096,04/12/21 10:01:15 PM,11.528
1097,04/12/21 10:01:20 PM,11.528
1098,04/12/21 10:01:25 PM,11.528
1099,04/12/21 10:01:30 PM,11.528
1100,04/12/21 10:01:35 PM,11.528
1101,04/12/21 10:01:40 PM,11.528
1102,04/12/21 10:01:45 PM,11.528
1103,04/12/21 10:01:50 PM,11.528
1104,04/12/21 10:01:55 PM,11.528
1105,04/12/21 10:02:00 PM,11.528
1106,04/12/21 10:02:05 PM,11.528
1107,04/12/21 10:02:10 PM,11.528
1108,04/12/21 10:02:15 PM,11.528
1109,04/12/21 10:02:20 PM,11.528
1110,04/12/21 10:02:25 PM,11.528
1111,04/12/21 10:02:30 PM,11.528
1112,04/12/21 10:02:35 PM,11.528
1113,04/12/21 10:02:40 PM,11.528
1114,04/12/21 10:02:45 PM,11.528
1115,04/12/21 10:02:50 PM,11.528
1116,04/12/21 10:02:55 PM,11.528
1117,04/12/21 10:03:00 PM,11.528
1118,04/12/21 10:03:05 PM,11.528
1119,04/12/21 10:03:10 PM,11.528
1120,04/12/21 10:03:15 PM,11.528
1121,04/12/21 10:03:20 PM,11.528
1122,04/12/21 10:03:25 PM,11.528
1123,04/12/21 10:03:30 PM,11.528
1124,04/12/21 10:03:35 PM,11.528
1125,04/12/21 10:03:40 PM,11.528
1126,04/12/21 10:03:45 PM,11.528
1127,04/12/21 10:03:50 PM,11.528
1128,04/12/21 10:03:55 PM,11.528
1129,04/12/21 10:04:00 PM,11.528
1130,04/12/21 10:04:05 PM,11.528
1131,04/12/21 10:04:10 PM,11.528
1132,04/12/21 10:04:15 PM,11.528
1133,04/12/21 10:04:20 PM,11.528
1134,04/12/21 10:04:25 PM,11.528
1135,04/12/21 10:04:30 PM,11.528
1136,04/12/21 10:04:35 PM,11.528
1137,04/12/21 10:04:40 PM,11.528
1138,04/12/21 10:04:45 PM,11.528
1139,04/12/21 10:04:50 PM,11.528
1140,04/12/21 10:04:55 PM,11.528
1141,04/12/21 10:05:00 PM,11.528
1142,04/12/21 10:05:05 PM,11.528
1143,04/12/21 10:05:10 PM,11.528
1144,04/12/21 10:05:15 PM,11.528
1145,04/12/21 10:05:20 PM,11.528
1146,04/12/21 10:05:25 PM,11.528
1147,04/12/21 10:05:30 PM,11.528
1148,04/12/21 10:05:35 PM,11.528
1149,04/12/21 10:05:40 PM,11.528
1150,04/12/21 10:05:45 PM,11.528
1151,04/12/21 10:05:50 PM,11.528
1152,04/12/21 10:05:55 PM,11.528
1153,04/12/21 10:06:00 PM,11.528
1154,04/12/21 10:06:05 PM,11.528
1155,04/12/21 10:06:10 PM,11.528
1156,04/12/21 10:06:15 PM,11.528
1157,04/12/21 10:06:20 PM,11.528
1158,04/12/21 10:06:25 PM,11.528
1159,04/12/21 10:06:30 PM,11.528
1160,04/12/21 10:06:35 PM,11.528
1161,04/12/21 10:06:40 PM,11.528
1162,04/12/21 10:06:45 PM,11.528
1163,04/12/21 10:06:50 PM,11.528
1164,04/12/21 10:06:55 PM,11.528
1165,04/12/21 10:07:00 PM,11.528
1166,04/12/21 10:07:05 PM,11.528
1167,04/12/21 10:07:10 PM,11.528
1168,04/12/21 10:07:15 PM,11.528
1169,04/12/21 10:07:20 PM,11.528
1170,04/12/21 10:07:25 PM,11.528
1171,04/12/21 10:07:30 PM,11.528
1172,04/12/21 10:07:35 PM,11.528
1173,04/12/21 10:07:40 PM,11.528
1174,04/12/21 10:07:45 PM,11.528
1175,04/12/21 10:07:50 PM,11.528
1176,04/12/21 10:07:55 PM,11.528
1177,04/12/21 10:08:00 PM,11.528
1178,04/12/21 10:08:05 PM,11.528
1179,04/12/21 10:08:10 PM,11.528
1180,04/12/21 10:08:15 PM,11.528
1181,04/12/21 10:08:20 PM,11.528
1182,04/12/21 10:08:25 PM,11.528
1183,04/12/21 10:08:30 PM,11.528
1184,04/12/21 10:08:35 PM,11.528
1185,04/12/21 10:08:40 PM,11.528
1186,04/12/21 10:08:45 PM,11.528
1187,04/12/21 10:08:50 PM,11.528
1188,04/12/21 10:08:55 PM,11.528
1189,04/12/21 10:09:00 PM,11.528
1190,04/12/21 10:09:05 PM,11.528
1191,04/12/21 10:09:10 PM,11.528
1192,04/12/21 10:09:15 PM,11.528
1193,04/12/21 10:09:20 PM,11.528
1194,04/12/21 10:09:25 PM,11.528
1195,04/12/21 10:09:30 PM,11.528
1196,04/12/21 10:09:35 PM,11.528
1197,04/12/21 10:09:40 PM,11.528
1198,04/12/21 10:09:45 PM,11.528
1199,04/12/21 10:09:50 PM,11.528
1200,04/12/21 10:09:55 PM,11.528
1201,04/12/21 10:10:00 PM,11.528
1202,04/12/21 10:10:05 PM,11.528
1203,04/12/21 10:10:10 PM,11.528
1204,04/12/21 10:10:15 PM,11.528
1205,04/12/21 10:10:20 PM,11.528
1206,04/12/21 10:10:25 PM,11.528
1207,04/12/21 10:10:30 PM,11.528
1208,04/12/21 10:10:35 PM,11.528
1209,04/12/21 10:10:40 PM,11.528
1210,04/12/21 10:10:45 PM,11.528
1211,04/12/21 10:10:50 PM,11.528
1212,04/12/21 10:10:55 PM,11.528
1213,04/12/21 10:11:00 PM,11.528
1214,04/12/21 10:11:05 PM,11.528
1215,04/12/21 10:11:10 PM,11.528
1216,04/12/21 10:11:15 PM,11.528
1217,04/12/21 10:11:20 PM,11.528
1218,04/12/21 10:11:25 PM,11.528
1219,04/12/21 10:11:30 PM,11.528
1220,04/12/21 10:11:35 PM,11.528
1221,04/12/21 10:11:40 PM,11.528
1222,04/12/21 10:11:45 PM,11.528
1223,04/12/21 10:11:50 PM,11.528
1224,04/12/21 10:11:55 PM,11.528
1225,04/12/21 10:12:00 PM,11.528
1226,04/12/21 10:12:05 PM,11.528
1227,04/12/21 10:12:10 PM,11.528
1228,04/12/21 10:12:15 PM,11.528
1229,04/12/21 10:12:20 PM,11.528
1230,04/12/21 10:12:25 PM,11.528
1231,04/12/21 10:12:30 PM,11.528
1232,04/12/21 10:12:35 PM,11.528
1233,04/12/21 10:12:40 PM,11.528
1234,04/12/21 10:12:45 PM,11.528
1235,04/12/21 10:12:50 PM,11.528
1236,04/12/21 10:12:55 PM,11.528
1237,04/12/21 10:13:00 PM,11.528
1238,04/12/21 10:13:05 PM,11.528
1239,04/12/21 10:13:10 PM,11.528
1240,04/12/21 10:13:15 PM,11.528
1241,04/12/21 10:13:20 PM,11.528
1242,04/12/21 10:13:25 PM,11.528
1243,04/12/21 10:13:30 PM,11.528
1244,04/12/21 10:13:35 PM,11.528
1245,04/12/21 10:13:40 PM,11.528
1246,04/12/21 10:13:45 PM,11.528
1247,04/12/21 10:13:50 PM,11.528
1248,04/12/21 10:13:55 PM,11.528
1249,04/12/21 10:14:00 PM,11.528
1250,04/12/21 10:14:05 PM,11.528
1251,04/12/21 10:14:10 PM,11.528
1252,04/12/21 10:14:15 PM,11.528
1253,04/12/21 10:14:20 PM,11.528
1254,04/12/21 10:14:25 PM,11.431
1255,04/12/21 10:14:30 PM,11.431
1256,04/12/21 10:14:35 PM,11.431
1257,04/12/21 10:14:40 PM,11.431
1258,04/12/21 10:14:45 PM,11.431
1259,04/12/21 10:14:50 PM,11.431
1260,04/12/21 10:14:55 PM,11.431
1261,04/12/21 10:15:00 PM,11.334
1262,04/12/21 10:15:05 PM,11.334
1263,04/12/21 10:15:10 PM,11.334
1264,04/12/21 10:15:15 PM,11.334
1265,04/12/21 10:15:20 PM,11.334
1266,04/12/21 10:15:25 PM,11.334
1267,04/12/21 10:15:30 PM,11.334
1268,04/12/21 10:15:35 PM,11.334
1269,04/12/21 10:15:40 PM,11.334
1270,04/12/21 10:15:45 PM,11.334
1271,04/12/21 10:15:50 PM,11.334
1272,04/12/21 10:15:55 PM,11.334
1273,04/12/21 10:16:00 PM,11.334
1274,04/12/21 10:16:05 PM,11.236
1275,04/12/21 10:16:10 PM,11.236
1276,04/12/21 10:16:15 PM,11.236
1277,04/12/21 10:16:20 PM,11.236
1278,04/12/21 10:16:25 PM,11.236
1279,04/12/21 10:16:30 PM,11.236
1280,04/12/21 10:16:35 PM,11.236
1281,04/12/21 10:16:40 PM,11.236
1282,04/12/21 10:16:45 PM,11.236
1283,04/12/21 10:16:50 PM,11.236
1284,04/12/21 10:16:55 PM,11.236
1285,04/12/21 10:17:00 PM,11.236
1286,04/12/21 10:17:05 PM,11.236
1287,04/12/21 10:17:10 PM,11.236
1288,04/12/21 10:17:15 PM,11.236
1289,04/12/21 10:17:20 PM,11.236
1290,04/12/21 10:17:25 PM,11.236
1291,04/12/21 10:17:30 PM,11.236
1292,04/12/21 10:17:35 PM,11.236
1293,04/12/21 10:17:40 PM,11.236
1294,04/12/21 10:17:45 PM,11.236
1295,04/12/21 10:17:50 PM,11.236
1296,04/12/21 10:17:55 PM,11.236
1297,04/12/21 10:18:00 PM,11.236
1298,04/12/21 10:18:05 PM,11.236
1299,04/12/21 10:18:10 PM,11.236
1300,04/12/21 10:18:15 PM,11.236
1301,04/12/21 10:18:20 PM,11.236
1302,04/12/21 10:18:25 PM,11.236
1303,04/12/21 10:18:30 PM,11.236
1304,04/12/21 10:18:35 PM,11.236
1305,04/12/21 10:18:40 PM,11.236
1306,04/12/21 10:18:45 PM,11.236
1307,04/12/21 10:18:50 PM,11.236
1308,04/12/21 10:18:55 PM,11.236
1309,04/12/21 10:19:00 PM,11.236
1310,04/12/21 10:19:05 PM,11.236
1311,04/12/21 10:19:10 PM,11.236
1312,04/12/21 10:19:15 PM,11.236
1313,04/12/21 10:19:20 PM,11.236
1314,04/12/21 10:19:25 PM,11.139
1315,04/12/21 10:19:30 PM,11.041
1316,04/12/21 10:19:35 PM,10.944
1317,04/12/21 10:19:40 PM,10.846
1318,04/12/21 10:19:45 PM,10.748
1319,04/12/21 10:19:50 PM,10.651
1320,04/12/21 10:19:55 PM,10.553
1321,04/12/21 10:20:00 PM,10.455
1322,04/12/21 10:20:05 PM,10.357
1323,04/12/21 10:20:10 PM,10.259
1324,04/12/21 10:20:15 PM,10.161
1325,04/12/21 10:20:20 PM,10.063
1326,04/12/21 10:20:25 PM,9.965
1327,04/12/21 10:20:30 PM,9.866
1328,04/12/21 10:20:35 PM,9.768
1329,04/12/21 10:20:40 PM,9.669
1330,04/12/21 10:20:45 PM,9.571
1331,04/12/21 10:20:50 PM,9.571
1332,04/12/21 10:20:55 PM,9.373
1333,04/12/21 10:21:00 PM,9.275
1334,04/12/21 10:21:05 PM,9.176
1335,04/12/21 10:21:10 PM,9.077
1336,04/12/21 10:21:15 PM,8.978
1337,04/12/21 10:21:20 PM,8.879
1338,04/12/21 10:21:25 PM,8.779
1339,04/12/21 10:21:30 PM,8.680
1340,04/12/21 10:21:35 PM,8.481
1341,04/12/21 10:21:40 PM,8.382
1342,04/12/21 10:21:45 PM,8.282
1343,04/12/21 10:21:50 PM,8.182
1344,04/12/21 10:21:55 PM,8.082
1345,04/12/21 10:22:00 PM,7.983
1346,04/12/21 10:22:05 PM,7.882
1347,04/12/21 10:22:10 PM,7.782
1348,04/12/21 10:22:15 PM,7.682
1349,04/12/21 10:22:20 PM,7.582
1350,04/12/21 10:22:25 PM,7.481
1351,04/12/21 10:22:30 PM,7.381
1352,04/12/21 10:22:35 PM,7.280
1353,04/12/21 10:22:40 PM,7.179
1354,04/12/21 10:22:45 PM,7.079
1355,04/12/21 10:22:50 PM,6.978
1356,04/12/21 10:22:55 PM,6.877
1357,04/12/21 10:23:00 PM,6.775
1358,04/12/21 10:23:05 PM,6.674
1359,04/12/21 10:23:10 PM,6.573
1360,04/12/21 10:23:15 PM,6.471
1361,04/12/21 10:23:20 PM,6.370
1362,04/12/21 10:23:25 PM,6.268
1363,04/12/21 10:23:30 PM,6.166
1364,04/12/21 10:23:35 PM,6.064
1365,04/12/21 10:23:40 PM,6.064
1366,04/12/21 10:23:45 PM,5.962
1367,04/12/21 10:23:50 PM,5.860
1368,04/12/21 10:23:55 PM,5.757
1369,04/12/21 10:24:00 PM,5.655
1370,04/12/21 10:24:05 PM,5.655
1371,04/12/21 10:24:10 PM,5.552
1372,04/12/21 10:24:15 PM,5.450
1373,04/12/21 10:24:20 PM,5.347
1374,04/12/21 10:24:25 PM,5.347
1375,04/12/21 10:24:30 PM,5.244
1376,04/12/21 10:24:35 PM,5.141
1377,04/12/21 10:24:40 PM,5.141
1378,04/12/21 10:24:45 PM,5.037
1379,04/12/21 10:24:50 PM,5.037
1380,04/12/21 10:24:55 PM,4.934
1381,04/12/21 10:25:00 PM,4.831
1382,04/12/21 10:25:05 PM,4.831
1383,04/12/21 10:25:10 PM,4.727
1384,04/12/21 10:25:15 PM,4.727
1385,04/12/21 10:25:20 PM,4.623
1386,04/12/21 10:25:25 PM,4.519
1387,04/12/21 10:25:30 PM,4.519
1388,04/12/21 10:25:35 PM,4.415
1389,04/12/21 10:25:40 PM,4.311
1390,04/12/21 10:25:45 PM,4.311
1391,04/12/21 10:25:50 PM,4.207
1392,04/12/21 10:25:55 PM,4.102
1393,04/12/21 10:26:00 PM,4.102
1394,04/12/21 10:26:05 PM,3.998
1395,04/12/21 10:26:10 PM,3.893
1396,04/12/21 10:26:15 PM,3.893
1397,04/12/21 10:26:20 PM,3.788
1398,04/12/21 10:26:25 PM,3.683
1399,04/12/21 10:26:30 PM,3.683
1400,04/12/21 10:26:35 PM,3.578
1401,04/12/21 10:26:40 PM,3.472
1402,04/12/21 10:26:45 PM,3.472
1403,04/12/21 10:26:50 PM,3.367
1404,04/12/21 10:26:55 PM,3.261
1405,04/12/21 10:27:00 PM,3.261
1406,04/12/21 10:27:05 PM,3.155
1407,04/12/21 10:27:10 PM,3.155
1408,04/12/21 10:27:15 PM,3.049
1409,04/12/21 10:27:20 PM,2.943
1410,04/12/21 10:27:25 PM,2.943
1411,04/12/21 10:27:30 PM,2.837
1412,04/12/21 10:27:35 PM,2.837
1413,04/12/21 10:27:40 PM,2.730
1414,04/12/21 10:27:45 PM,2.624
1415,04/12/21 10:27:50 PM,2.624
1416,04/12/21 10:27:55 PM,2.517
1417,04/12/21 10:28:00 PM,2.517
1418,04/12/21 10:28:05 PM,2.410
1419,04/12/21 10:28:10 PM,2.410
1420,04/12/21 10:28:15 PM,2.303
1421,04/12/21 10:28:20 PM,2.303
1422,04/12/21 10:28:25 PM,2.303
1423,04/12/21 10:28:30 PM,2.195
1424,04/12/21 10:28:35 PM,2.195
1425,04/12/21 10:28:40 PM,2.088
1426,04/12/21 10:28:45 PM,2.088
1427,04/12/21 10:28:50 PM,1.980
1428,04/12/21 10:28:55 PM,1.980
1429,04/12/21 10:29:00 PM,1.872
1430,04/12/21 10:29:05 PM,1.872
1431,04/12/21 10:29:10 PM,1.764
1432,04/12/21 10:29:15 PM,1.764
1433,04/12/21 10:29:20 PM,1.656
1434,04/12/21 10:29:25 PM,1.656
1435,04/12/21 10:29:30 PM,1.656
1436,04/12/21 10:29:35 PM,1.548
1437,04/12/21 10:29:40 PM,1.548
1438,04/12/21 10:29:45 PM,1.439
1439,04/12/21 10:29:50 PM,1.439
1440,04/12/21 10:29:55 PM,1.439
1441,04/12/21 10:30:00 PM,1.330
1442,04/12/21 10:30:05 PM,1.330
1443,04/12/21 10:30:10 PM,1.330
1444,04/12/21 10:30:15 PM,1.221
1445,04/12/21 10:30:20 PM,1.221
1446,04/12/21 10:30:25 PM,1.221
1447,04/12/21 10:30:30 PM,1.221
1448,04/12/21 10:30:35 PM,1.112
1449,04/12/21 10:30:40 PM,1.112
1450,04/12/21 10:30:45 PM,1.112
1451,04/12/21 10:30:50 PM,1.112
1452,04/12/21 10:30:55 PM,1.003
1453,04/12/21 10:31:00 PM,1.003
1454,04/12/21 10:31:05 PM,1.003
1455,04/12/21 10:31:10 PM,1.003
1456,04/12/21 10:31:15 PM,1.003
1457,04/12/21 10:31:20 PM,1.003
1458,04/12/21 10:31:25 PM,1.003
1459,04/12/21 10:31:30 PM,0.893
1460,04/12/21 10:31:35 PM,1.003
1461,04/12/21 10:31:40 PM,1.003
1462,04/12/21 10:31:45 PM,1.003
1463,04/12/21 10:31:50 PM,1.003
1464,04/12/21 10:31:55 PM,1.003
1465,04/12/21 10:32:00 PM,1.003
1466,04/12/21 10:32:05 PM,1.112
1467,04/12/21 10:32:10 PM,1.112
1468,04/12/21 10:32:15 PM,1.221
1469,04/12/21 10:32:20 PM,1.221
1470,04/12/21 10:32:25 PM,1.221
1471,04/12/21 10:32:30 PM,1.330
1472,04/12/21 10:32:35 PM,1.330
1473,04/12/21 10:32:40 PM,1.330
1474,04/12/21 10:32:45 PM,1.330
1475,04/12/21 10:32:50 PM,1.330
1476,04/12/21 10:32:55 PM,1.439
1477,04/12/21 10:33:00 PM,1.439
1478,04/12/21 10:33:05 PM,1.439
1479,04/12/21 10:33:10 PM,1.439
1480,04/12/21 10:33:15 PM,1.439
1481,04/12/21 10:33:20 PM,1.439
1482,04/12/21 10:33:25 PM,1.439
1483,04/12/21 10:33:30 PM,1.439
1484,04/12/21 10:33:35 PM,1.439
1485,04/12/21 10:33:40 PM,1.439
1486,04/12/21 10:33:45 PM,1.548
1487,04/12/21 10:33:50 PM,1.548
1488,04/12/21 10:33:55 PM,1.548
1489,04/12/21 10:34:00 PM,1.548
1490,04/12/21 10:34:05 PM,1.548
1491,04/12/21 10:34:10 PM,1.548
1492,04/12/21 10:34:15 PM,1.548
1493,04/12/21 10:34:20 PM,1.548
1494,04/12/21 10:34:25 PM,1.548
1495,04/12/21 10:34:30 PM,1.548
1496,04/12/21 10:34:35 PM,1.548
1497,04/12/21 10:34:40 PM,1.548
1498,04/12/21 10:34:45 PM,1.548
1499,04/12/21 10:34:50 PM,1.548
1500,04/12/21 10:34:55 PM,1.548
1501,04/12/21 10:35:00 PM,1.548
1502,04/12/21 10:35:05 PM,1.548
1503,04/12/21 10:35:10 PM,1.548
1504,04/12/21 10:35:15 PM,1.439
1505,04/12/21 10:35:20 PM,1.439
1506,04/12/21 10:35:25 PM,1.439
1507,04/12/21 10:35:30 PM,1.439
1508,04/12/21 10:35:35 PM,1.439
1509,04/12/21 10:35:40 PM,1.439
1510,04/12/21 10:35:45 PM,1.439
1511,04/12/21 10:35:50 PM,1.439
1512,04/12/21 10:35:55 PM,1.330
1513,04/12/21 10:36:00 PM,1.330
1514,04/12/21 10:36:05 PM,1.330
1515,04/12/21 10:36:10 PM,1.330
1516,04/12/21 10:36:15 PM,1.330
1517,04/12/21 10:36:20 PM,1.330
1518,04/12/21 10:36:25 PM,1.330
1519,04/12/21 10:36:30 PM,1.330
1520,04/12/21 10:36:35 PM,1.330
1521,04/12/21 10:36:40 PM,1.221
1522,04/12/21 10:36:45 PM,1.221
1523,04/12/21 10:36:50 PM,1.221
1524,04/12/21 10:36:55 PM,1.221
1525,04/12/21 10:37:00 PM,1.221
1526,04/12/21 10:37:05 PM,1.221
1527,04/12/21 10:37:10 PM,1.221
1528,04/12/21 10:37:15 PM,1.221
1529,04/12/21 10:37:20 PM,1.221
1530,04/12/21 10:37:25 PM,1.112
1531,04/12/21 10:37:30 PM,1.112
1532,04/12/21 10:37:35 PM,1.112
1533,04/12/21 10:37:40 PM,1.112
1534,04/12/21 10:37:45 PM,1.112
1535,04/12/21 10:37:50 PM,1.112
1536,04/12/21 10:37:55 PM,1.112
1537,04/12/21 10:38:00 PM,1.112
1538,04/12/21 10:38:05 PM,1.112
1539,04/12/21 10:38:10 PM,1.112
1540,04/12/21 10:38:15 PM,1.003
1541,04/12/21 10:38:20 PM,1.003
1542,04/12/21 10:38:25 PM,1.003
1543,04/12/21 10:38:30 PM,1.003
1544,04/12/21 10:38:35 PM,1.003
1545,04/12/21 10:38:40 PM,1.003
1546,04/12/21 10:38:45 PM,1.003
1547,04/12/21 10:38:50 PM,1.003
1548,04/12/21 10:38:55 PM,0.893
1549,04/12/21 10:39:00 PM,0.893
1550,04/12/21 10:39:05 PM,0.893
1551,04/12/21 10:39:10 PM,0.893
1552,04/12/21 10:39:15 PM,0.893
1553,04/12/21 10:39:20 PM,1.112
1554,04/12/21 10:39:25 PM,1.330
1555,04/12/21 10:39:30 PM,1.656
1556,04/12/21 10:39:35 PM,1.980
1557,04/12/21 10:39:40 PM,2.303
1558,04/12/21 10:39:45 PM,2.624
1559,04/12/21 10:39:50 PM,2.943
1560,04/12/21 10:39:55 PM,3.261
1561,04/12/21 10:40:00 PM,3.578
1562,04/12/21 10:40:05 PM,3.788
1563,04/12/21 10:40:10 PM,3.998
1564,04/12/21 10:40:15 PM,4.311
1565,04/12/21 10:40:20 PM,4.519
1566,04/12/21 10:40:25 PM,4.623
1567,04/12/21 10:40:30 PM,4.831
1568,04/12/21 10:40:35 PM,5.037
1569,04/12/21 10:40:40 PM,5.141
1570,04/12/21 10:40:45 PM,5.347
1571,04/12/21 10:40:50 PM,5.450
1572,04/12/21 10:40:55 PM,5.655
1573,04/12/21 10:41:00 PM,5.757
1574,04/12/21 10:41:05 PM,5.860
1575,04/12/21 10:41:10 PM,5.962
1576,04/12/21 10:41:15 PM,6.166
1577,04/12/21 10:41:20 PM,6.268
1578,04/12/21 10:41:25 PM,6.370
1579,04/12/21 10:41:30 PM,6.471
1580,04/12/21 10:41:35 PM,6.573
1581,04/12/21 10:41:40 PM,6.674
1582,04/12/21 10:41:45 PM,6.775
1583,04/12/21 10:41:50 PM,6.877
1584,04/12/21 10:41:55 PM,6.877
1585,04/12/21 10:42:00 PM,6.978
1586,04/12/21 10:42:05 PM,7.079
1587,04/12/21 10:42:10 PM,7.079
1588,04/12/21 10:42:15 PM,7.179
1589,04/12/21 10:42:20 PM,7.280
1590,04/12/21 10:42:25 PM,7.381
1591,04/12/21 10:42:30 PM,7.381
1592,04/12/21 10:42:35 PM,7.481
1593,04/12/21 10:42:40 PM,7.481
1594,04/12/21 10:42:45 PM,7.582
1595,04/12/21 10:42:50 PM,7.582
1596,04/12/21 10:42:55 PM,7.682
1597,04/12/21 10:43:00 PM,7.682
1598,04/12/21 10:43:05 PM,7.782
1599,04/12/21 10:43:10 PM,7.782
1600,04/12/21 10:43:15 PM,7.882
1601,04/12/21 10:43:20 PM,7.882
1602,04/12/21 10:43:25 PM,7.882
1603,04/12/21 10:43:30 PM,7.983
1604,04/12/21 10:43:35 PM,7.983
1605,04/12/21 10:43:40 PM,8.082
1606,04/12/21 10:43:45 PM,8.082
1607,04/12/21 10:43:50 PM,8.082
1608,04/12/21 10:43:55 PM,8.082
1609,04/12/21 10:44:00 PM,8.182
1610,04/12/21 10:44:05 PM,8.182
1611,04/12/21 10:44:10 PM,8.182
1612,04/12/21 10:44:15 PM,8.282
1613,04/12/21 10:44:20 PM,8.282
1614,04/12/21 10:44:25 PM,8.282
1615,04/12/21 10:44:30 PM,8.282
1616,04/12/21 10:44:35 PM,8.382
1617,04/12/21 10:44:40 PM,8.382
1618,04/12/21 10:44:45 PM,8.382
1619,04/12/21 10:44:50 PM,8.382
1620,04/12/21 10:44:55 PM,8.481
1621,04/12/21 10:45:00 PM,8.481
1622,04/12/21 10:45:05 PM,8.481
1623,04/12/21 10:45:10 PM,8.481
1624,04/12/21 10:45:15 PM,8.481
1625,04/12/21 10:45:20 PM,8.481
1626,04/12/21 10:45:25 PM,8.581
1627,04/12/21 10:45:30 PM,8.581
1628,04/12/21 10:45:35 PM,8.581
1629,04/12/21 10:45:40 PM,8.581
1630,04/12/21 10:45:45 PM,8.581
1631,04/12/21 10:45:50 PM,8.581
1632,04/12/21 10:45:55 PM,8.581
1633,04/12/21 10:46:00 PM,8.581
1634,04/12/21 10:46:05 PM,8.680
1635,04/12/21 10:46:10 PM,8.680
1636,04/12/21 10:46:15 PM,8.680
1637,04/12/21 10:46:20 PM,8.680
1638,04/12/21 10:46:25 PM,8.680
1639,04/12/21 10:46:30 PM,8.680
1640,04/12/21 10:46:35 PM,8.680
1641,04/12/21 10:46:40 PM,8.680
1642,04/12/21 10:46:45 PM,8.680
1643,04/12/21 10:46:50 PM,8.680
1644,04/12/21 10:46:55 PM,8.680
1645,04/12/21 10:47:00 PM,8.680
1646,04/12/21 10:47:05 PM,8.680
1647,04/12/21 10:47:10 PM,8.680
1648,04/12/21 10:47:15 PM,8.680
1649,04/12/21 10:47:20 PM,8.680
1650,04/12/21 10:47:25 PM,8.680
1651,04/12/21 10:47:30 PM,8.779
1652,04/12/21 10:47:35 PM,8.779
1653,04/12/21 10:47:40 PM,8.779
1654,04/12/21 10:47:45 PM,8.779
1655,04/12/21 10:47:50 PM,8.779
1656,04/12/21 10:47:55 PM,8.779
1657,04/12/21 10:48:00 PM,8.779
1658,04/12/21 10:48:05 PM,8.779
1659,04/12/21 10:48:10 PM,8.779
1660,04/12/21 10:48:15 PM,8.779
1661,04/12/21 10:48:20 PM,8.779
1662,04/12/21 10:48:25 PM,8.779
1663,04/12/21 10:48:30 PM,8.779
1664,04/12/21 10:48:35 PM,8.779
1665,04/12/21 10:48:40 PM,8.779
1666,04/12/21 10:48:45 PM,8.779
1667,04/12/21 10:48:50 PM,8.779
1668,04/12/21 10:48:55 PM,8.779
1669,04/12/21 10:49:00 PM,8.779
1670,04/12/21 10:49:05 PM,8.779
1671,04/12/21 10:49:10 PM,8.779
1672,04/12/21 10:49:15 PM,8.779
1673,04/12/21 10:49:20 PM,8.779
1674,04/12/21 10:49:25 PM,8.779
1675,04/12/21 10:49:30 PM,8.779
1676,04/12/21 10:49:35 PM,8.779
1677,04/12/21 10:49:40 PM,8.779
1678,04/12/21 10:49:45 PM,8.779
1679,04/12/21 10:49:50 PM,8.779
1680,04/12/21 10:49:55 PM,8.779
1681,04/12/21 10:50:00 PM,8.779
1682,04/12/21 10:50:05 PM,8.779
1683,04/12/21 10:50:10 PM,8.779
1684,04/12/21 10:50:15 PM,8.779
1685,04/12/21 10:50:20 PM,8.779
1686,04/12/21 10:50:25 PM,8.779
1687,04/12/21 10:50:30 PM,8.779
1688,04/12/21 10:50:35 PM,8.779
1689,04/12/21 10:50:40 PM,8.779
1690,04/12/21 10:50:45 PM,8.779
1691,04/12/21 10:50:50 PM,8.779
1692,04/12/21 10:50:55 PM,8.779
1693,04/12/21 10:51:00 PM,8.779
1694,04/12/21 10:51:05 PM,8.779
1695,04/12/21 10:51:10 PM,8.879
1696,04/12/21 10:51:15 PM,8.879
1697,04/12/21 10:51:20 PM,8.879
1698,04/12/21 10:51:25 PM,8.779
1699,04/12/21 10:51:30 PM,8.879
1700,04/12/21 10:51:35 PM,8.779
1701,04/12/21 10:51:40 PM,8.779
1702,04/12/21 10:51:45 PM,8.779
1703,04/12/21 10:51:50 PM,8.779
1704,04/12/21 10:51:55 PM,8.779
1705,04/12/21 10:52:00 PM,8.779
1706,04/12/21 10:52:05 PM,8.879
1707,04/12/21 10:52:10 PM,8.779
1708,04/12/21 10:52:15 PM,8.879
1709,04/12/21 10:52:20 PM,8.779
1710,04/12/21 10:52:25 PM,8.779
1711,04/12/21 10:52:30 PM,8.879
1712,04/12/21 10:52:35 PM,8.879
1713,04/12/21 10:52:40 PM,8.779
1714,04/12/21 10:52:45 PM,8.779
1715,04/12/21 10:52:50 PM,8.779
1716,04/12/21 10:52:55 PM,8.779
1717,04/12/21 10:53:00 PM,8.779
1718,04/12/21 10:53:05 PM,8.779
1719,04/12/21 10:53:10 PM,8.779
1720,04/12/21 10:53:15 PM,8.779
1721,04/12/21 10:53:20 PM,8.779
1722,04/12/21 10:53:25 PM,8.779
1723,04/12/21 10:53:30 PM,8.779
1724,04/12/21 10:53:35 PM,8.779
1725,04/12/21 10:53:40 PM,8.779
1726,04/12/21 10:53:45 PM,8.779
1727,04/12/21 10:53:50 PM,8.779
1728,04/12/21 10:53:55 PM,8.779
1729,04/12/21 10:54:00 PM,8.779
1730,04/12/21 10:54:05 PM,8.779
1731,04/12/21 10:54:10 PM,8.779
1732,04/12/21 10:54:15 PM,8.779
1733,04/12/21 10:54:20 PM,8.779
1734,04/12/21 10:54:25 PM,8.779
1735,04/12/21 10:54:30 PM,8.779
1736,04/12/21 10:54:35 PM,8.779
1737,04/12/21 10:54:40 PM,8.779
1738,04/12/21 10:54:45 PM,8.779
1739,04/12/21 10:54:50 PM,8.779
1740,04/12/21 10:54:55 PM,8.779
1741,04/12/21 10:55:00 PM,8.779
1742,04/12/21 10:55:05 PM,8.779
1743,04/12/21 10:55:10 PM,8.779
1744,04/12/21 10:55:15 PM,8.680
1745,04/12/21 10:55:20 PM,8.779
1746,04/12/21 10:55:25 PM,8.779
1747,04/12/21 10:55:30 PM,8.779
1748,04/12/21 10:55:35 PM,8.680
1749,04/12/21 10:55:40 PM,8.779
1750,04/12/21 10:55:45 PM,8.680
1751,04/12/21 10:55:50 PM,8.680
1752,04/12/21 10:55:55 PM,8.680
1753,04/12/21 10:56:00 PM,8.680
1754,04/12/21 10:56:05 PM,8.680
1755,04/12/21 10:56:10 PM,8.680
1756,04/12/21 10:56:15 PM,8.680
1757,04/12/21 10:56:20 PM,8.680
1758,04/12/21 10:56:25 PM,8.680
1759,04/12/21 10:56:30 PM,8.680
1760,04/12/21 10:56:35 PM,8.680
1761,04/12/21 10:56:40 PM,8.680
1762,04/12/21 10:56:45 PM,8.680
1763,04/12/21 10:56:50 PM,8.680
1764,04/12/21 10:56:55 PM,8.680
1765,04/12/21 10:57:00 PM,8.680
1766,04/12/21 10:57:05 PM,8.680
1767,04/12/21 10:57:10 PM,8.680
1768,04/12/21 10:57:15 PM,8.680
1769,04/12/21 10:57:20 PM,8.680
1770,04/12/21 10:57:25 PM,8.680
1771,04/12/21 10:57:30 PM,8.680
1772,04/12/21 10:57:35 PM,8.680
1773,04/12/21 10:57:40 PM,8.680
1774,04/12/21 10:57:45 PM,8.680
1775,04/12/21 10:57:50 PM,8.680
1776,04/12/21 10:57:55 PM,8.680
1777,04/12/21 10:58:00 PM,8.680
1778,04/12/21 10:58:05 PM,8.680
1779,04/12/21 10:58:10 PM,8.680
1780,04/12/21 10:58:15 PM,8.680
1781,04/12/21 10:58:20 PM,8.680
1782,04/12/21 10:58:25 PM,8.680
1783,04/12/21 10:58:30 PM,8.680
1784,04/12/21 10:58:35 PM,8.680
1785,04/12/21 10:58:40 PM,8.680
1786,04/12/21 10:58:45 PM,8.680
1787,04/12/21 10:58:50 PM,8.680
1788,04/12/21 10:58:55 PM,8.680
1789,04/12/21 10:59:00 PM,8.680
1790,04/12/21 10:59:05 PM,8.680
1791,04/12/21 10:59:10 PM,8.680
1792,04/12/21 10:59:15 PM,8.680
1793,04/12/21 10:59:20 PM,8.680
1794,04/12/21 10:59:25 PM,8.680
1795,04/12/21 10:59:30 PM,8.680
1796,04/12/21 10:59:35 PM,8.680
1797,04/12/21 10:59:40 PM,8.680
1798,04/12/21 10:59:45 PM,8.680
1799,04/12/21 10:59:50 PM,8.680
1800,04/12/21 10:59:55 PM,8.680
1801,04/12/21 11:00:00 PM,8.680
1802,04/12/21 11:00:05 PM,8.680
1803,04/12/21 11:00:10 PM,8.680
1804,04/12/21 11:00:15 PM,8.680
1805,04/12/21 11:00:20 PM,8.680
1806,04/12/21 11:00:25 PM,8.680
1807,04/12/21 11:00:30 PM,8.680
1808,04/12/21 11:00:35 PM,8.680
1809,04/12/21 11:00:40 PM,8.680
1810,04/12/21 11:00:45 PM,8.680
1811,04/12/21 11:00:50 PM,8.680
1812,04/12/21 11:00:55 PM,8.680
1813,04/12/21 11:01:00 PM,8.680
1814,04/12/21 11:01:05 PM,8.680
1815,04/12/21 11:01:10 PM,8.680
1816,04/12/21 11:01:15 PM,8.680
1817,04/12/21 11:01:20 PM,8.680
1818,04/12/21 11:01:25 PM,8.680
1819,04/12/21 11:01:30 PM,8.680
1820,04/12/21 11:01:35 PM,8.680
1821,04/12/21 11:01:40 PM,8.680
1822,04/12/21 11:01:45 PM,8.680
1823,04/12/21 11:01:50 PM,8.680
1824,04/12/21 11:01:55 PM,8.680
1825,04/12/21 11:02:00 PM,8.680
1826,04/12/21 11:02:05 PM,8.680
1827,04/12/21 11:02:10 PM,8.680
1828,04/12/21 11:02:15 PM,8.680
1829,04/12/21 11:02:20 PM,8.680
1830,04/12/21 11:02:25 PM,8.680
1831,04/12/21 11:02:30 PM,8.680
1832,04/12/21 11:02:35 PM,8.680
1833,04/12/21 11:02:40 PM,8.680
1834,04/12/21 11:02:45 PM,8.680
1835,04/12/21 11:02:50 PM,8.680
1836,04/12/21 11:02:55 PM,8.680
1837,04/12/21 11:03:00 PM,8.680
1838,04/12/21 11:03:05 PM,8.680
1839,04/12/21 11:03:10 PM,8.680
1840,04/12/21 11:03:15 PM,8.680
1841,04/12/21 11:03:20 PM,8.680
1842,04/12/21 11:03:25 PM,8.680
1843,04/12/21 11:03:30 PM,8.680
1844,04/12/21 11:03:35 PM,8.680
1845,04/12/21 11:03:40 PM,8.680
1846,04/12/21 11:03:45 PM,8.680
1847,04/12/21 11:03:50 PM,8.680
1848,04/12/21 11:03:55 PM,8.680
1849,04/12/21 11:04:00 PM,8.680
1850,04/12/21 11:04:05 PM,8.680
1851,04/12/21 11:04:10 PM,8.680
1852,04/12/21 11:04:15 PM,8.680
1853,04/12/21 11:04:20 PM,8.680
1854,04/12/21 11:04:25 PM,8.779
1855,04/12/21 11:04:30 PM,8.779
1856,04/12/21 11:04:35 PM,8.779
1857,04/12/21 11:04:40 PM,8.779
1858,04/12/21 11:04:45 PM,8.779
1859,04/12/21 11:04:50 PM,8.779
1860,04/12/21 11:04:55 PM,8.779
1861,04/12/21 11:05:00 PM,8.779
1862,04/12/21 11:05:05 PM,8.779
1863,04/12/21 11:05:10 PM,8.779
1864,04/12/21 11:05:15 PM,8.779
1865,04/12/21 11:05:20 PM,8.779
1866,04/12/21 11:05:25 PM,8.779
1867,04/12/21 11:05:30 PM,8.779
1868,04/12/21 11:05:35 PM,8.779
1869,04/12/21 11:05:40 PM,8.779
1870,04/12/21 11:05:45 PM,8.779
1871,04/12/21 11:05:50 PM,8.779
1872,04/12/21 11:05:55 PM,8.779
1873,04/12/21 11:06:00 PM,8.779
1874,04/12/21 11:06:05 PM,8.779
1875,04/12/21 11:06:10 PM,8.779
1876,04/12/21 11:06:15 PM,8.779
1877,04/12/21 11:06:20 PM,8.779
1878,04/12/21 11:06:25 PM,8.779
1879,04/12/21 11:06:30 PM,8.779
1880,04/12/21 11:06:35 PM,8.779
1881,04/12/21 11:06:40 PM,8.779
1882,04/12/21 11:06:45 PM,8.779
1883,04/12/21 11:06:50 PM,8.779
1884,04/12/21 11:06:55 PM,8.779
1885,04/12/21 11:07:00 PM,8.779
1886,04/12/21 11:07:05 PM,8.779
1887,04/12/21 11:07:10 PM,8.779
1888,04/12/21 11:07:15 PM,8.779
1889,04/12/21 11:07:20 PM,8.779
1890,04/12/21 11:07:25 PM,8.779
1891,04/12/21 11:07:30 PM,8.779
1892,04/12/21 11:07:35 PM,8.779
1893,04/12/21 11:07:40 PM,8.779
1894,04/12/21 11:07:45 PM,8.779
1895,04/12/21 11:07:50 PM,8.779
1896,04/12/21 11:07:55 PM,8.779
1897,04/12/21 11:08:00 PM,8.779
1898,04/12/21 11:08:05 PM,8.779
1899,04/12/21 11:08:10 PM,8.779
1900,04/12/21 11:08:15 PM,8.779
1901,04/12/21 11:08:20 PM,8.779
1902,04/12/21 11:08:25 PM,8.779
1903,04/12/21 11:08:30 PM,8.779
1904,04/12/21 11:08:35 PM,8.779
1905,04/12/21 11:08:40 PM,8.779
1906,04/12/21 11:08:45 PM,8.779
1907,04/12/21 11:08:50 PM,8.779
1908,04/12/21 11:08:55 PM,8.779
1909,04/12/21 11:09:00 PM,8.779
1910,04/12/21 11:09:05 PM,8.779
1911,04/12/21 11:09:10 PM,8.779
1912,04/12/21 11:09:15 PM,8.779
1913,04/12/21 11:09:20 PM,8.779
1914,04/12/21 11:09:25 PM,8.779
1915,04/12/21 11:09:30 PM,8.779
1916,04/12/21 11:09:35 PM,8.779
1917,04/12/21 11:09:40 PM,8.779
1918,04/12/21 11:09:45 PM,8.779
1919,04/12/21 11:09:50 PM,8.779
1920,04/12/21 11:09:55 PM,8.779
1921,04/12/21 11:10:00 PM,8.779
1922,04/12/21 11:10:05 PM,8.779
1923,04/12/21 11:10:10 PM,8.779
1924,04/12/21 11:10:15 PM,8.779
1925,04/12/21 11:10:20 PM,8.779
1926,04/12/21 11:10:25 PM,8.779
1927,04/12/21 11:10:30 PM,8.779
1928,04/12/21 11:10:35 PM,8.779
1929,04/12/21 11:10:40 PM,8.779
1930,04/12/21 11:10:45 PM,8.779
1931,04/12/21 11:10:50 PM,8.779
1932,04/12/21 11:10:55 PM,8.779
1933,04/12/21 11:11:00 PM,8.779
1934,04/12/21 11:11:05 PM,8.779
1935,04/12/21 11:11:10 PM,8.779
1936,04/12/21 11:11:15 PM,8.779
1937,04/12/21 11:11:20 PM,8.779
1938,04/12/21 11:11:25 PM,8.779
1939,04/12/21 11:11:30 PM,8.779
1940,04/12/21 11:11:35 PM,8.779
1941,04/12/21 11:11:40 PM,8.779
1942,04/12/21 11:11:45 PM,8.779
1943,04/12/21 11:11:50 PM,8.779
1944,04/12/21 11:11:55 PM,8.779
1945,04/12/21 11:12:00 PM,8.779
1946,04/12/21 11:12:05 PM,8.779
1947,04/12/21 11:12:10 PM,8.779
1948,04/12/21 11:12:15 PM,8.779
1949,04/12/21 11:12:20 PM,8.779
1950,04/12/21 11:12:25 PM,8.779
1951,04/12/21 11:12:30 PM,8.779
1952,04/12/21 11:12:35 PM,8.779
1953,04/12/21 11:12:40 PM,8.779
1954,04/12/21 11:12:45 PM,8.779
1955,04/12/21 11:12:50 PM,8.779
1956,04/12/21 11:12:55 PM,8.779
1957,04/12/21 11:13:00 PM,8.779
1958,04/12/21 11:13:05 PM,8.779
1959,04/12/21 11:13:10 PM,8.779
1960,04/12/21 11:13:15 PM,8.779
1961,04/12/21 11:13:20 PM,8.779
1962,04/12/21 11:13:25 PM,8.779
1963,04/12/21 11:13:30 PM,8.779
1964,04/12/21 11:13:35 PM,8.779
1965,04/12/21 11:13:40 PM,8.779
1966,04/12/21 11:13:45 PM,8.779
1967,04/12/21 11:13:50 PM,8.779
1968,04/12/21 11:13:55 PM,8.779
1969,04/12/21 11:14:00 PM,8.879
1970,04/12/21 11:14:05 PM,8.879
1971,04/12/21 11:14:10 PM,8.879
1972,04/12/21 11:14:15 PM,8.879
1973,04/12/21 11:14:20 PM,8.879
1974,04/12/21 11:14:25 PM,8.879
1975,04/12/21 11:14:30 PM,8.879
1976,04/12/21 11:14:35 PM,8.879
1977,04/12/21 11:14:40 PM,8.879
1978,04/12/21 11:14:45 PM,8.879
1979,04/12/21 11:14:50 PM,8.879
1980,04/12/21 11:14:55 PM,8.879
1981,04/12/21 11:15:00 PM,8.879
1982,04/12/21 11:15:05 PM,8.879
1983,04/12/21 11:15:10 PM,8.879
1984,04/12/21 11:15:15 PM,8.879
1985,04/12/21 11:15:20 PM,8.879
1986,04/12/21 11:15:25 PM,8.879
1987,04/12/21 11:15:30 PM,8.879
1988,04/12/21 11:15:35 PM,8.879
1989,04/12/21 11:15:40 PM,8.879
1990,04/12/21 11:15:45 PM,8.879
1991,04/12/21 11:15:50 PM,8.879
1992,04/12/21 11:15:55 PM,8.879
1993,04/12/21 11:16:00 PM,8.978
1994,04/12/21 11:16:05 PM,8.978
1995,04/12/21 11:16:10 PM,8.879
1996,04/12/21 11:16:15 PM,8.978
1997,04/12/21 11:16:20 PM,8.978
1998,04/12/21 11:16:25 PM,8.978
1999,04/12/21 11:16:30 PM,8.978
2000,04/12/21 11:16:35 PM,8.978
2001,04/12/21 11:16:40 PM,8.978
2002,04/12/21 11:16:45 PM,8.978
2003,04/12/21 11:16:50 PM,8.978
2004,04/12/21 11:16:55 PM,8.978
2005,04/12/21 11:17:00 PM,8.978
2006,04/12/21 11:17:05 PM,8.978
2007,04/12/21 11:17:10 PM,8.978
2008,04/12/21 11:17:15 PM,8.978
2009,04/12/21 11:17:20 PM,8.978
2010,04/12/21 11:17:25 PM,8.978
2011,04/12/21 11:17:30 PM,8.978
2012,04/12/21 11:17:35 PM,8.978
2013,04/12/21 11:17:40 PM,8.978
2014,04/12/21 11:17:45 PM,8.978
2015,04/12/21 11:17:50 PM,8.978
2016,04/12/21 11:17:55 PM,8.978
2017,04/12/21 11:18:00 PM,8.978
2018,04/12/21 11:18:05 PM,8.978
2019,04/12/21 11:18:10 PM,8.978
2020,04/12/21 11:18:15 PM,8.978
2021,04/12/21 11:18:20 PM,8.978
2022,04/12/21 11:18:25 PM,8.978
2023,04/12/21 11:18:30 PM,8.978
2024,04/12/21 11:18:35 PM,8.978
2025,04/12/21 11:18:40 PM,8.978
2026,04/12/21 11:18:45 PM,8.978
2027,04/12/21 11:18:50 PM,8.978
2028,04/12/21 11:18:55 PM,8.978
2029,04/12/21 11:19:00 PM,8.978
2030,04/12/21 11:19:05 PM,8.978
2031,04/12/21 11:19:10 PM,8.978
2032,04/12/21 11:19:15 PM,8.978
2033,04/12/21 11:19:20 PM,8.978
2034,04/12/21 11:19:25 PM,8.978
2035,04/12/21 11:19:30 PM,8.978
2036,04/12/21 11:19:35 PM,8.978
2037,04/12/21 11:19:40 PM,8.978
2038,04/12/21 11:19:45 PM,8.978
2039,04/12/21 11:19:50 PM,8.978
2040,04/12/21 11:19:55 PM,8.978
2041,04/12/21 11:20:00 PM,8.978
2042,04/12/21 11:20:05 PM,8.978
2043,04/12/21 11:20:10 PM,8.978
2044,04/12/21 11:20:15 PM,8.978
2045,04/12/21 11:20:20 PM,8.978
2046,04/12/21 11:20:25 PM,8.978
2047,04/12/21 11:20:30 PM,8.978
2048,04/12/21 11:20:35 PM,8.879
2049,04/12/21 11:20:40 PM,8.879
2050,04/12/21 11:20:45 PM,8.879
2051,04/12/21 11:20:50 PM,8.879
2052,04/12/21 11:20:55 PM,8.879
2053,04/12/21 11:21:00 PM,8.879
2054,04/12/21 11:21:05 PM,8.879
2055,04/12/21 11:21:10 PM,8.879
2056,04/12/21 11:21:15 PM,8.879
2057,04/12/21 11:21:20 PM,8.879
2058,04/12/21 11:21:25 PM,8.879
2059,04/12/21 11:21:30 PM,8.879
2060,04/12/21 11:21:35 PM,8.879
2061,04/12/21 11:21:40 PM,8.879
2062,04/12/21 11:21:45 PM,8.779
2063,04/12/21 11:21:50 PM,8.779
2064,04/12/21 11:21:55 PM,8.779
2065,04/12/21 11:22:00 PM,8.779
2066,04/12/21 11:22:05 PM,8.779
2067,04/12/21 11:22:10 PM,8.779
2068,04/12/21 11:22:15 PM,8.680
2069,04/12/21 11:22:20 PM,8.680
2070,04/12/21 11:22:25 PM,8.680
2071,04/12/21 11:22:30 PM,8.680
2072,04/12/21 11:22:35 PM,8.680
2073,04/12/21 11:22:40 PM,8.680
2074,04/12/21 11:22:45 PM,8.680
2075,04/12/21 11:22:50 PM,8.581
2076,04/12/21 11:22:55 PM,8.581
2077,04/12/21 11:23:00 PM,8.581
2078,04/12/21 11:23:05 PM,8.581
2079,04/12/21 11:23:10 PM,8.581
2080,04/12/21 11:23:15 PM,8.481
2081,04/12/21 11:23:20 PM,8.481
2082,04/12/21 11:23:25 PM,8.481
2083,04/12/21 11:23:30 PM,8.481
2084,04/12/21 11:23:35 PM,8.481
2085,04/12/21 11:23:40 PM,8.481
2086,04/12/21 11:23:45 PM,8.481
2087,04/12/21 11:23:50 PM,8.481
2088,04/12/21 11:23:55 PM,8.382
2089,04/12/21 11:24:00 PM,8.382
2090,04/12/21 11:24:05 PM,8.382
2091,04/12/21 11:24:10 PM,8.382
2092,04/12/21 11:24:15 PM,8.382
2093,04/12/21 11:24:20 PM,8.382
2094,04/12/21 11:24:25 PM,8.382
2095,04/12/21 11:24:30 PM,8.282
2096,04/12/21 11:24:35 PM,8.282
2097,04/12/21 11:24:40 PM,8.282
2098,04/12/21 11:24:45 PM,8.282
2099,04/12/21 11:24:50 PM,8.282
2100,04/12/21 11:24:55 PM,8.282
2101,04/12/21 11:25:00 PM,8.282
2102,04/12/21 11:25:05 PM,8.282
2103,04/12/21 11:25:10 PM,8.282
2104,04/12/21 11:25:15 PM,8.282
2105,04/12/21 11:25:20 PM,8.282
2106,04/12/21 11:25:25 PM,8.282
2107,04/12/21 11:25:30 PM,8.282
2108,04/12/21 11:25:35 PM,8.282
2109,04/12/21 11:25:40 PM,8.182
2110,04/12/21 11:25:45 PM,8.182
2111,04/12/21 11:25:50 PM,8.182
2112,04/12/21 11:25:55 PM,8.182
2113,04/12/21 11:26:00 PM,8.182
2114,04/12/21 11:26:05 PM,8.182
2115,04/12/21 11:26:10 PM,8.182
2116,04/12/21 11:26:15 PM,8.182
2117,04/12/21 11:26:20 PM,8.182
2118,04/12/21 11:26:25 PM,8.182
2119,04/12/21 11:26:30 PM,8.182
2120,04/12/21 11:26:35 PM,8.182
2121,04/12/21 11:26:40 PM,8.182
2122,04/12/21 11:26:45 PM,8.182
2123,04/12/21 11:26:50 PM,8.282
2124,04/12/21 11:26:55 PM,8.282
2125,04/12/21 11:27:00 PM,8.282
2126,04/12/21 11:27:05 PM,8.282
2127,04/12/21 11:27:10 PM,8.282
2128,04/12/21 11:27:15 PM,8.282
2129,04/12/21 11:27:20 PM,8.282
2130,04/12/21 11:27:25 PM,8.282
2131,04/12/21 11:27:30 PM,8.282
2132,04/12/21 11:27:35 PM,8.282
2133,04/12/21 11:27:40 PM,8.282
2134,04/12/21 11:27:45 PM,8.282
2135,04/12/21 11:27:50 PM,8.282
2136,04/12/21 11:27:55 PM,8.282
2137,04/12/21 11:28:00 PM,8.282
2138,04/12/21 11:28:05 PM,8.282
2139,04/12/21 11:28:10 PM,8.282
2140,04/12/21 11:28:15 PM,8.282
2141,04/12/21 11:28:20 PM,8.282
2142,04/12/21 11:28:25 PM,8.282
2143,04/12/21 11:28:30 PM,8.282
2144,04/12/21 11:28:35 PM,8.282
2145,04/12/21 11:28:40 PM,8.282
2146,04/12/21 11:28:45 PM,8.282
2147,04/12/21 11:28:50 PM,8.282
2148,04/12/21 11:28:55 PM,8.282
2149,04/12/21 11:29:00 PM,8.282
2150,04/12/21 11:29:05 PM,8.282
2151,04/12/21 11:29:10 PM,8.282
2152,04/12/21 11:29:15 PM,8.282
2153,04/12/21 11:29:20 PM,8.282
2154,04/12/21 11:29:25 PM,8.282
2155,04/12/21 11:29:30 PM,8.282
2156,04/12/21 11:29:35 PM,8.282
2157,04/12/21 11:29:40 PM,8.282
2158,04/12/21 11:29:45 PM,8.282
2159,04/12/21 11:29:50 PM,8.282
2160,04/12/21 11:29:55 PM,8.282
2161,04/12/21 11:30:00 PM,8.282
2162,04/12/21 11:30:05 PM,8.282
2163,04/12/21 11:30:10 PM,8.182
2164,04/12/21 11:30:15 PM,8.282
2165,04/12/21 11:30:20 PM,8.282
2166,04/12/21 11:30:25 PM,8.282
2167,04/12/21 11:30:30 PM,8.282
2168,04/12/21 11:30:35 PM,8.282
2169,04/12/21 11:30:40 PM,8.282
2170,04/12/21 11:30:45 PM,8.282
2171,04/12/21 11:30:50 PM,8.282
2172,04/12/21 11:30:55 PM,8.282
2173,04/12/21 11:31:00 PM,8.282
2174,04/12/21 11:31:05 PM,8.282
2175,04/12/21 11:31:10 PM,8.282
2176,04/12/21 11:31:15 PM,8.282
2177,04/12/21 11:31:20 PM,8.282
2178,04/12/21 11:31:25 PM,8.282
2179,04/12/21 11:31:30 PM,8.282
2180,04/12/21 11:31:35 PM,8.282
2181,04/12/21 11:31:40 PM,8.282
2182,04/12/21 11:31:45 PM,8.282
2183,04/12/21 11:31:50 PM,8.282
2184,04/12/21 11:31:55 PM,8.282
2185,04/12/21 11:32:00 PM,8.282
2186,04/12/21 11:32:05 PM,8.282
2187,04/12/21 11:32:10 PM,8.282
2188,04/12/21 11:32:15 PM,8.282
2189,04/12/21 11:32:20 PM,8.282
2190,04/12/21 11:32:25 PM,8.282
2191,04/12/21 11:32:30 PM,8.282
2192,04/12/21 11:32:35 PM,8.282
2193,04/12/21 11:32:40 PM,8.282
2194,04/12/21 11:32:45 PM,8.282
2195,04/12/21 11:32:50 PM,8.282
2196,04/12/21 11:32:55 PM,8.282
2197,04/12/21 11:33:00 PM,8.282
2198,04/12/21 11:33:05 PM,8.282
2199,04/12/21 11:33:10 PM,8.282
2200,04/12/21 11:33:15 PM,8.282
2201,04/12/21 11:33:20 PM,8.282
2202,04/12/21 11:33:25 PM,8.282
2203,04/12/21 11:33:30 PM,8.282
2204,04/12/21 11:33:35 PM,8.382
2205,04/12/21 11:33:40 PM,8.382
2206,04/12/21 11:33:45 PM,8.382
2207,04/12/21 11:33:50 PM,8.382
2208,04/12/21 11:33:55 PM,8.382
2209,04/12/21 11:34:00 PM,8.382
2210,04/12/21 11:34:05 PM,8.382
2211,04/12/21 11:34:10 PM,8.382
2212,04/12/21 11:34:15 PM,8.382
2213,04/12/21 11:34:20 PM,8.382
2214,04/12/21 11:34:25 PM,8.382
2215,04/12/21 11:34:30 PM,8.382
2216,04/12/21 11:34:35 PM,8.382
2217,04/12/21 11:34:40 PM,8.382
2218,04/12/21 11:34:45 PM,8.382
2219,04/12/21 11:34:50 PM,8.382
2220,04/12/21 11:34:55 PM,8.382
2221,04/12/21 11:35:00 PM,8.382
2222,04/12/21 11:35:05 PM,8.481
2223,04/12/21 11:35:10 PM,8.481
2224,04/12/21 11:35:15 PM,8.481
2225,04/12/21 11:35:20 PM,8.481
2226,04/12/21 11:35:25 PM,8.481
2227,04/12/21 11:35:30 PM,8.481
2228,04/12/21 11:35:35 PM,8.481
2229,04/12/21 11:35:40 PM,8.481
2230,04/12/21 11:35:45 PM,8.481
2231,04/12/21 11:35:50 PM,8.481
2232,04/12/21 11:35:55 PM,8.481
2233,04/12/21 11:36:00 PM,8.481
2234,04/12/21 11:36:05 PM,8.481
2235,04/12/21 11:36:10 PM,8.581
2236,04/12/21 11:36:15 PM,8.581
2237,04/12/21 11:36:20 PM,8.581
2238,04/12/21 11:36:25 PM,8.581
2239,04/12/21 11:36:30 PM,8.581
2240,04/12/21 11:36:35 PM,8.581
2241,04/12/21 11:36:40 PM,8.581
2242,04/12/21 11:36:45 PM,8.581
2243,04/12/21 11:36:50 PM,8.581
2244,04/12/21 11:36:55 PM,8.581
2245,04/12/21 11:37:00 PM,8.581
2246,04/12/21 11:37:05 PM,8.581
2247,04/12/21 11:37:10 PM,8.581
2248,04/12/21 11:37:15 PM,8.581
2249,04/12/21 11:37:20 PM,8.581
2250,04/12/21 11:37:25 PM,8.581
2251,04/12/21 11:37:30 PM,8.581
2252,04/12/21 11:37:35 PM,8.581
2253,04/12/21 11:37:40 PM,8.581
2254,04/12/21 11:37:45 PM,8.581
2255,04/12/21 11:37:50 PM,8.581
2256,04/12/21 11:37:55 PM,8.581
2257,04/12/21 11:38:00 PM,8.581
2258,04/12/21 11:38:05 PM,8.581
2259,04/12/21 11:38:10 PM,8.680
2260,04/12/21 11:38:15 PM,8.581
2261,04/12/21 11:38:20 PM,8.680
2262,04/12/21 11:38:25 PM,8.680
2263,04/12/21 11:38:30 PM,8.680
2264,04/12/21 11:38:35 PM,8.680
2265,04/12/21 11:38:40 PM,8.680
2266,04/12/21 11:38:45 PM,8.680
2267,04/12/21 11:38:50 PM,8.680
2268,04/12/21 11:38:55 PM,8.680
2269,04/12/21 11:39:00 PM,8.680
2270,04/12/21 11:39:05 PM,8.680
2271,04/12/21 11:39:10 PM,8.680
2272,04/12/21 11:39:15 PM,8.680
2273,04/12/21 11:39:20 PM,8.680
2274,04/12/21 11:39:25 PM,8.680
2275,04/12/21 11:39:30 PM,8.680
2276,04/12/21 11:39:35 PM,8.680
2277,04/12/21 11:39:40 PM,8.680
2278,04/12/21 11:39:45 PM,8.680
2279,04/12/21 11:39:50 PM,8.680
2280,04/12/21 11:39:55 PM,8.680
2281,04/12/21 11:40:00 PM,8.680
2282,04/12/21 11:40:05 PM,8.680
2283,04/12/21 11:40:10 PM,8.680
2284,04/12/21 11:40:15 PM,8.680
2285,04/12/21 11:40:20 PM,8.680
2286,04/12/21 11:40:25 PM,8.680
2287,04/12/21 11:40:30 PM,8.779
2288,04/12/21 11:40:35 PM,8.779
2289,04/12/21 11:40:40 PM,8.779
2290,04/12/21 11:40:45 PM,8.779
2291,04/12/21 11:40:50 PM,8.680
2292,04/12/21 11:40:55 PM,8.779
2293,04/12/21 11:41:00 PM,8.779
2294,04/12/21 11:41:05 PM,8.779
2295,04/12/21 11:41:10 PM,8.779
2296,04/12/21 11:41:15 PM,8.779
2297,04/12/21 11:41:20 PM,8.779
2298,04/12/21 11:41:25 PM,8.779
2299,04/12/21 11:41:30 PM,8.779
2300,04/12/21 11:41:35 PM,8.779
2301,04/12/21 11:41:40 PM,8.779
2302,04/12/21 11:41:45 PM,8.779
2303,04/12/21 11:41:50 PM,8.779
2304,04/12/21 11:41:55 PM,8.779
2305,04/12/21 11:42:00 PM,8.779
2306,04/12/21 11:42:05 PM,8.779
2307,04/12/21 11:42:10 PM,8.779
2308,04/12/21 11:42:15 PM,8.779
2309,04/12/21 11:42:20 PM,8.779
2310,04/12/21 11:42:25 PM,8.779
2311,04/12/21 11:42:30 PM,8.779
2312,04/12/21 11:42:35 PM,8.779
2313,04/12/21 11:42:40 PM,8.779
2314,04/12/21 11:42:45 PM,8.779
2315,04/12/21 11:42:50 PM,8.779
2316,04/12/21 11:42:55 PM,8.779
2317,04/12/21 11:43:00 PM,8.779
2318,04/12/21 11:43:05 PM,8.779
2319,04/12/21 11:43:10 PM,8.779
2320,04/12/21 11:43:15 PM,8.779
2321,04/12/21 11:43:20 PM,8.779
2322,04/12/21 11:43:25 PM,8.779
2323,04/12/21 11:43:30 PM,8.779
2324,04/12/21 11:43:35 PM,8.779
2325,04/12/21 11:43:40 PM,8.779
2326,04/12/21 11:43:45 PM,8.779
2327,04/12/21 11:43:50 PM,8.779
2328,04/12/21 11:43:55 PM,8.779
2329,04/12/21 11:44:00 PM,8.779
2330,04/12/21 11:44:05 PM,8.779
2331,04/12/21 11:44:10 PM,8.779
2332,04/12/21 11:44:15 PM,8.779
2333,04/12/21 11:44:20 PM,8.779
2334,04/12/21 11:44:25 PM,8.779
2335,04/12/21 11:44:30 PM,8.779
2336,04/12/21 11:44:35 PM,8.779
2337,04/12/21 11:44:40 PM,8.779
2338,04/12/21 11:44:45 PM,8.779
2339,04/12/21 11:44:50 PM,8.779
2340,04/12/21 11:44:55 PM,8.779
2341,04/12/21 11:45:00 PM,8.779
2342,04/12/21 11:45:05 PM,8.779
2343,04/12/21 11:45:10 PM,8.779
2344,04/12/21 11:45:15 PM,8.779
2345,04/12/21 11:45:20 PM,8.779
2346,04/12/21 11:45:25 PM,8.779
2347,04/12/21 11:45:30 PM,8.779
2348,04/12/21 11:45:35 PM,8.779
2349,04/12/21 11:45:40 PM,8.779
2350,04/12/21 11:45:45 PM,8.779
2351,04/12/21 11:45:50 PM,8.779
2352,04/12/21 11:45:55 PM,8.779
2353,04/12/21 11:46:00 PM,8.779
2354,04/12/21 11:46:05 PM,8.779
2355,04/12/21 11:46:10 PM,8.779
2356,04/12/21 11:46:15 PM,8.779
2357,04/12/21 11:46:20 PM,8.779
2358,04/12/21 11:46:25 PM,8.779
2359,04/12/21 11:46:30 PM,8.779
2360,04/12/21 11:46:35 PM,8.779
2361,04/12/21 11:46:40 PM,8.779
2362,04/12/21 11:46:45 PM,8.779
2363,04/12/21 11:46:50 PM,8.779
2364,04/12/21 11:46:55 PM,8.779
2365,04/12/21 11:47:00 PM,8.779
2366,04/12/21 11:47:05 PM,8.779
2367,04/12/21 11:47:10 PM,8.779
2368,04/12/21 11:47:15 PM,8.779
2369,04/12/21 11:47:20 PM,8.779
2370,04/12/21 11:47:25 PM,8.779
2371,04/12/21 11:47:30 PM,8.779
2372,04/12/21 11:47:35 PM,8.779
2373,04/12/21 11:47:40 PM,8.779
2374,04/12/21 11:47:45 PM,8.779
2375,04/12/21 11:47:50 PM,8.779
2376,04/12/21 11:47:55 PM,8.779
2377,04/12/21 11:48:00 PM,8.779
2378,04/12/21 11:48:05 PM,8.779
2379,04/12/21 11:48:10 PM,8.779
2380,04/12/21 11:48:15 PM,8.779
2381,04/12/21 11:48:20 PM,8.779
2382,04/12/21 11:48:25 PM,8.779
2383,04/12/21 11:48:30 PM,8.779
2384,04/12/21 11:48:35 PM,8.779
2385,04/12/21 11:48:40 PM,8.779
2386,04/12/21 11:48:45 PM,8.779
2387,04/12/21 11:48:50 PM,8.779
2388,04/12/21 11:48:55 PM,8.779
2389,04/12/21 11:49:00 PM,8.779
2390,04/12/21 11:49:05 PM,8.779
2391,04/12/21 11:49:10 PM,8.779
2392,04/12/21 11:49:15 PM,8.779
2393,04/12/21 11:49:20 PM,8.779
2394,04/12/21 11:49:25 PM,8.779
2395,04/12/21 11:49:30 PM,8.779
2396,04/12/21 11:49:35 PM,8.779
2397,04/12/21 11:49:40 PM,8.779
2398,04/12/21 11:49:45 PM,8.779
2399,04/12/21 11:49:50 PM,8.779
2400,04/12/21 11:49:55 PM,8.779
2401,04/12/21 11:50:00 PM,8.779
2402,04/12/21 11:50:05 PM,8.779
2403,04/12/21 11:50:10 PM,8.779
2404,04/12/21 11:50:15 PM,8.779
2405,04/12/21 11:50:20 PM,8.779
2406,04/12/21 11:50:25 PM,8.779
2407,04/12/21 11:50:30 PM,8.779
2408,04/12/21 11:50:35 PM,8.779
2409,04/12/21 11:50:40 PM,8.779
2410,04/12/21 11:50:45 PM,8.779
2411,04/12/21 11:50:50 PM,8.779
2412,04/12/21 11:50:55 PM,8.779
2413,04/12/21 11:51:00 PM,8.779
2414,04/12/21 11:51:05 PM,8.779
2415,04/12/21 11:51:10 PM,8.779
2416,04/12/21 11:51:15 PM,8.779
2417,04/12/21 11:51:20 PM,8.779
2418,04/12/21 11:51:25 PM,8.779
2419,04/12/21 11:51:30 PM,8.779
2420,04/12/21 11:51:35 PM,8.779
2421,04/12/21 11:51:40 PM,8.779
2422,04/12/21 11:51:45 PM,8.779
2423,04/12/21 11:51:50 PM,8.779
2424,04/12/21 11:51:55 PM,8.779
2425,04/12/21 11:52:00 PM,8.779
2426,04/12/21 11:52:05 PM,8.779
2427,04/12/21 11:52:10 PM,8.779
2428,04/12/21 11:52:15 PM,8.779
2429,04/12/21 11:52:20 PM,8.779
2430,04/12/21 11:52:25 PM,8.779
2431,04/12/21 11:52:30 PM,8.779
2432,04/12/21 11:52:35 PM,8.779
2433,04/12/21 11:52:40 PM,8.779
2434,04/12/21 11:52:45 PM,8.779
2435,04/12/21 11:52:50 PM,8.779
2436,04/12/21 11:52:55 PM,8.779
2437,04/12/21 11:53:00 PM,8.779
2438,04/12/21 11:53:05 PM,8.779
2439,04/12/21 11:53:10 PM,8.779
2440,04/12/21 11:53:15 PM,8.779
2441,04/12/21 11:53:20 PM,8.779
2442,04/12/21 11:53:25 PM,8.779
2443,04/12/21 11:53:30 PM,8.779
2444,04/12/21 11:53:35 PM,8.779
2445,04/12/21 11:53:40 PM,8.779
2446,04/12/21 11:53:45 PM,8.779
2447,04/12/21 11:53:50 PM,8.779
2448,04/12/21 11:53:55 PM,8.779
2449,04/12/21 11:54:00 PM,8.779
2450,04/12/21 11:54:05 PM,8.779
2451,04/12/21 11:54:10 PM,8.680
2452,04/12/21 11:54:15 PM,8.581
2453,04/12/21 11:54:20 PM,8.581
2454,04/12/21 11:54:25 PM,8.481
2455,04/12/21 11:54:30 PM,8.382
2456,04/12/21 11:54:35 PM,8.282
2457,04/12/21 11:54:40 PM,8.282
2458,04/12/21 11:54:45 PM,8.182
2459,04/12/21 11:54:50 PM,8.182
2460,04/12/21 11:54:55 PM,8.082
2461,04/12/21 11:55:00 PM,8.082
2462,04/12/21 11:55:05 PM,8.082
2463,04/12/21 11:55:10 PM,8.082
2464,04/12/21 11:55:15 PM,7.983
2465,04/12/21 11:55:20 PM,7.983
2466,04/12/21 11:55:25 PM,7.983
2467,04/12/21 11:55:30 PM,7.983
2468,04/12/21 11:55:35 PM,7.882
2469,04/12/21 11:55:40 PM,7.882
2470,04/12/21 11:55:45 PM,7.882
2471,04/12/21 11:55:50 PM,7.782
2472,04/12/21 11:55:55 PM,7.782
2473,04/12/21 11:56:00 PM,7.782
2474,04/12/21 11:56:05 PM,7.682
2475,04/12/21 11:56:10 PM,7.682
2476,04/12/21 11:56:15 PM,7.582
2477,04/12/21 11:56:20 PM,7.582
2478,04/12/21 11:56:25 PM,7.481
2479,04/12/21 11:56:30 PM,7.481
2480,04/12/21 11:56:35 PM,7.481
2481,04/12/21 11:56:40 PM,7.481
2482,04/12/21 11:56:45 PM,7.481
2483,04/12/21 11:56:50 PM,7.481
2484,04/12/21 11:56:55 PM,7.481
2485,04/12/21 11:57:00 PM,7.481
2486,04/12/21 11:57:05 PM,7.481
2487,04/12/21 11:57:10 PM,7.381
2488,04/12/21 11:57:15 PM,7.381
2489,04/12/21 11:57:20 PM,7.381
2490,04/12/21 11:57:25 PM,7.381
2491,04/12/21 11:57:30 PM,7.381
2492,04/12/21 11:57:35 PM,7.280
2493,04/12/21 11:57:40 PM,7.280
2494,04/12/21 11:57:45 PM,7.280
2495,04/12/21 11:57:50 PM,7.179
2496,04/12/21 11:57:55 PM,7.179
2497,04/12/21 11:58:00 PM,7.079
2498,04/12/21 11:58:05 PM,7.079
2499,04/12/21 11:58:10 PM,6.978
2500,04/12/21 11:58:15 PM,6.978
2501,04/12/21 11:58:20 PM,6.877
2502,04/12/21 11:58:25 PM,6.877
2503,04/12/21 11:58:30 PM,6.775
2504,04/12/21 11:58:35 PM,6.775
2505,04/12/21 11:58:40 PM,6.674
2506,04/12/21 11:58:45 PM,6.573
2507,04/12/21 11:58:50 PM,6.471
2508,04/12/21 11:58:55 PM,6.370
2509,04/12/21 11:59:00 PM,6.166
2510,04/12/21 11:59:05 PM,6.064
2511,04/12/21 11:59:10 PM,5.962
2512,04/12/21 11:59:15 PM,5.757
2513,04/12/21 11:59:20 PM,5.655
2514,04/12/21 11:59:25 PM,5.450
2515,04/12/21 11:59:30 PM,5.347
2516,04/12/21 11:59:35 PM,5.244
2517,04/12/21 11:59:40 PM,5.037
2518,04/12/21 11:59:45 PM,4.934
2519,04/12/21 11:59:50 PM,4.727
2520,04/12/21 11:59:55 PM,4.623
2521,04/13/21 12:00:00 AM,4.519
2522,04/13/21 12:00:05 AM,4.311
2523,04/13/21 12:00:10 AM,4.207
2524,04/13/21 12:00:15 AM,4.102
2525,04/13/21 12:00:20 AM,3.998
2526,04/13/21 12:00:25 AM,3.788
2527,04/13/21 12:00:30 AM,3.683
2528,04/13/21 12:00:35 AM,3.578
2529,04/13/21 12:00:40 AM,3.472
2530,04/13/21 12:00:45 AM,3.472
2531,04/13/21 12:00:50 AM,3.367
2532,04/13/21 12:00:55 AM,3.261
2533,04/13/21 12:01:00 AM,3.155
2534,04/13/21 12:01:05 AM,3.049
2535,04/13/21 12:01:10 AM,3.049
2536,04/13/21 12:01:15 AM,2.943
2537,04/13/21 12:01:20 AM,2.837
2538,04/13/21 12:01:25 AM,2.837
2539,04/13/21 12:01:30 AM,2.730
2540,04/13/21 12:01:35 AM,2.730
2541,04/13/21 12:01:40 AM,2.730
2542,04/13/21 12:01:45 AM,2.624
2543,04/13/21 12:01:50 AM,2.624
2544,04/13/21 12:01:55 AM,2.624
2545,04/13/21 12:02:00 AM,2.624
2546,04/13/21 12:02:05 AM,2.624
2547,04/13/21 12:02:10 AM,2.624
2548,04/13/21 12:02:15 AM,2.624
2549,04/13/21 12:02:20 AM,2.624
2550,04/13/21 12:02:25 AM,2.624
2551,04/13/21 12:02:30 AM,2.517
2552,04/13/21 12:02:35 AM,2.517
2553,04/13/21 12:02:40 AM,2.517
2554,04/13/21 12:02:45 AM,2.517
2555,04/13/21 12:02:50 AM,2.410
2556,04/13/21 12:02:55 AM,2.410
2557,04/13/21 12:03:00 AM,2.410
2558,04/13/21 12:03:05 AM,2.303
2559,04/13/21 12:03:10 AM,2.303
2560,04/13/21 12:03:15 AM,2.303
2561,04/13/21 12:03:20 AM,2.195
2562,04/13/21 12:03:25 AM,2.195
2563,04/13/21 12:03:30 AM,2.088
2564,04/13/21 12:03:35 AM,2.088
2565,04/13/21 12:03:40 AM,1.980
2566,04/13/21 12:03:45 AM,1.980
2567,04/13/21 12:03:50 AM,1.872
2568,04/13/21 12:03:55 AM,1.872
2569,04/13/21 12:04:00 AM,1.764
2570,04/13/21 12:04:05 AM,1.764
2571,04/13/21 12:04:10 AM,1.656
2572,04/13/21 12:04:15 AM,1.656
2573,04/13/21 12:04:20 AM,1.548
2574,04/13/21 12:04:25 AM,1.439
2575,04/13/21 12:04:30 AM,1.439
2576,04/13/21 12:04:35 AM,1.439
2577,04/13/21 12:04:40 AM,1.330
2578,04/13/21 12:04:45 AM,1.330
2579,04/13/21 12:04:50 AM,1.221
2580,04/13/21 12:04:55 AM,1.221
2581,04/13/21 12:05:00 AM,1.221
2582,04/13/21 12:05:05 AM,1.112
2583,04/13/21 12:05:10 AM,1.112
2584,04/13/21 12:05:15 AM,1.003
2585,04/13/21 12:05:20 AM,1.003
2586,04/13/21 12:05:25 AM,1.003
2587,04/13/21 12:05:30 AM,1.003
2588,04/13/21 12:05:35 AM,0.893
2589,04/13/21 12:05:40 AM,0.893
2590,04/13/21 12:05:45 AM,0.893
2591,04/13/21 12:05:50 AM,0.893
2592,04/13/21 12:05:55 AM,0.893
2593,04/13/21 12:06:00 AM,0.784
2594,04/13/21 12:06:05 AM,0.784
2595,04/13/21 12:06:10 AM,0.784
2596,04/13/21 12:06:15 AM,0.784
2597,04/13/21 12:06:20 AM,0.784
2598,04/13/21 12:06:25 AM,0.784
2599,04/13/21 12:06:30 AM,0.784
2600,04/13/21 12:06:35 AM,0.784
2601,04/13/21 12:06:40 AM,0.784
2602,04/13/21 12:06:45 AM,0.784
2603,04/13/21 12:06:50 AM,0.784
2604,04/13/21 12:06:55 AM,0.784
2605,04/13/21 12:07:00 AM,0.784
2606,04/13/21 12:07:05 AM,0.784
2607,04/13/21 12:07:10 AM,0.784
2608,04/13/21 12:07:15 AM,0.784
2609,04/13/21 12:07:20 AM,0.784
2610,04/13/21 12:07:25 AM,0.784
2611,04/13/21 12:07:30 AM,0.784
2612,04/13/21 12:07:35 AM,0.784
2613,04/13/21 12:07:40 AM,0.784
2614,04/13/21 12:07:45 AM,0.784
2615,04/13/21 12:07:50 AM,0.784
2616,04/13/21 12:07:55 AM,0.784
2617,04/13/21 12:08:00 AM,0.784
2618,04/13/21 12:08:05 AM,0.784
2619,04/13/21 12:08:10 AM,0.784
2620,04/13/21 12:08:15 AM,0.784
2621,04/13/21 12:08:20 AM,0.784
2622,04/13/21 12:08:25 AM,0.784
2623,04/13/21 12:08:30 AM,0.784
2624,04/13/21 12:08:35 AM,0.784
2625,04/13/21 12:08:40 AM,0.784
2626,04/13/21 12:08:45 AM,0.784
2627,04/13/21 12:08:50 AM,0.784
2628,04/13/21 12:08:55 AM,0.784
2629,04/13/21 12:09:00 AM,0.784
2630,04/13/21 12:09:05 AM,0.784
2631,04/13/21 12:09:10 AM,0.784
2632,04/13/21 12:09:15 AM,0.784
2633,04/13/21 12:09:20 AM,0.784
2634,04/13/21 12:09:25 AM,0.784
2635,04/13/21 12:09:30 AM,0.674
2636,04/13/21 12:09:35 AM,0.674
2637,04/13/21 12:09:40 AM,0.674
2638,04/13/21 12:09:45 AM,0.784
2639,04/13/21 12:09:50 AM,0.674
2640,04/13/21 12:09:55 AM,0.674
2641,04/13/21 12:10:00 AM,0.784
2642,04/13/21 12:10:05 AM,0.674
2643,04/13/21 12:10:10 AM,0.674
2644,04/13/21 12:10:15 AM,0.784
2645,04/13/21 12:10:20 AM,0.674
2646,04/13/21 12:10:25 AM,0.674
2647,04/13/21 12:10:30 AM,0.674
2648,04/13/21 12:10:35 AM,0.674
2649,04/13/21 12:10:40 AM,0.674
2650,04/13/21 12:10:45 AM,0.674
2651,04/13/21 12:10:50 AM,0.674
2652,04/13/21 12:10:55 AM,0.674
2653,04/13/21 12:11:00 AM,0.674
2654,04/13/21 12:11:05 AM,0.674
2655,04/13/21 12:11:10 AM,0.674
2656,04/13/21 12:11:15 AM,0.674
2657,04/13/21 12:11:20 AM,0.674
2658,04/13/21 12:11:25 AM,0.674
2659,04/13/21 12:11:30 AM,0.674
2660,04/13/21 12:11:35 AM,0.674
2661,04/13/21 12:11:40 AM,0.674
2662,04/13/21 12:11:45 AM,0.674
2663,04/13/21 12:11:50 AM,0.674
2664,04/13/21 12:11:55 AM,0.674
2665,04/13/21 12:12:00 AM,0.674
2666,04/13/21 12:12:05 AM,0.563
2667,04/13/21 12:12:10 AM,0.563
2668,04/13/21 12:12:15 AM,0.563
2669,04/13/21 12:12:20 AM,0.563
2670,04/13/21 12:12:25 AM,0.453
2671,04/13/21 12:12:30 AM,0.453
2672,04/13/21 12:12:35 AM,0.453
2673,04/13/21 12:12:40 AM,0.343
2674,04/13/21 12:12:45 AM,0.343
2675,04/13/21 12:12:50 AM,0.343
2676,04/13/21 12:12:55 AM,0.343
2677,04/13/21 12:13:00 AM,0.343
2678,04/13/21 12:13:05 AM,0.343
2679,04/13/21 12:13:10 AM,0.232
2680,04/13/21 12:13:15 AM,0.232
2681,04/13/21 12:13:20 AM,0.232
2682,04/13/21 12:13:25 AM,0.232
2683,04/13/21 12:13:30 AM,0.232
2684,04/13/21 12:13:35 AM,0.232
2685,04/13/21 12:13:40 AM,0.121
2686,04/13/21 12:13:45 AM,0.121
2687,04/13/21 12:13:50 AM,0.121
2688,04/13/21 12:13:55 AM,0.121
2689,04/13/21 12:14:00 AM,0.121
2690,04/13/21 12:14:05 AM,0.121
2691,04/13/21 12:14:10 AM,0.121
2692,04/13/21 12:14:15 AM,0.010
2693,04/13/21 12:14:20 AM,0.010
2694,04/13/21 12:14:25 AM,0.010
2695,04/13/21 12:14:30 AM,0.010
2696,04/13/21 12:14:35 AM,-0.102
2697,04/13/21 12:14:40 AM,-0.102
2698,04/13/21 12:14:45 AM,-0.102
2699,04/13/21 12:14:50 AM,-0.102
2700,04/13/21 12:14:55 AM,-0.213
2701,04/13/21 12:15:00 AM,-0.213
2702,04/13/21 12:15:05 AM,-0.213
2703,04/13/21 12:15:10 AM,-0.213
2704,04/13/21 12:15:15 AM,-0.102
2705,04/13/21 12:15:20 AM,0.010
2706,04/13/21 12:15:25 AM,0.121
2707,04/13/21 12:15:30 AM,0.343
2708,04/13/21 12:15:35 AM,0.563
2709,04/13/21 12:15:40 AM,0.674
2710,04/13/21 12:15:45 AM,0.784
2711,04/13/21 12:15:50 AM,0.893
2712,04/13/21 12:15:55 AM,0.893
2713,04/13/21 12:16:00 AM,0.893
2714,04/13/21 12:16:05 AM,0.893
2715,04/13/21 12:16:10 AM,0.893
2716,04/13/21 12:16:15 AM,0.893
2717,04/13/21 12:16:20 AM,0.893
2718,04/13/21 12:16:25 AM,0.893
2719,04/13/21 12:16:30 AM,0.784
2720,04/13/21 12:16:35 AM,0.893
2721,04/13/21 12:16:40 AM,0.893
2722,04/13/21 12:16:45 AM,0.893
2723,04/13/21 12:16:50 AM,0.784
2724,04/13/21 12:16:55 AM,0.893
2725,04/13/21 12:17:00 AM,0.893
2726,04/13/21 12:17:05 AM,0.893
2727,04/13/21 12:17:10 AM,0.893
2728,04/13/21 12:17:15 AM,0.893
2729,04/13/21 12:17:20 AM,0.893
2730,04/13/21 12:17:25 AM,0.893
2731,04/13/21 12:17:30 AM,1.003
2732,04/13/21 12:17:35 AM,1.003
2733,04/13/21 12:17:40 AM,1.003
2734,04/13/21 12:17:45 AM,1.003
2735,04/13/21 12:17:50 AM,1.003
2736,04/13/21 12:17:55 AM,1.112
2737,04/13/21 12:18:00 AM,1.112
2738,04/13/21 12:18:05 AM,1.112
2739,04/13/21 12:18:10 AM,1.112
2740,04/13/21 12:18:15 AM,1.112
2741,04/13/21 12:18:20 AM,1.221
2742,04/13/21 12:18:25 AM,1.221
2743,04/13/21 12:18:30 AM,1.221
2744,04/13/21 12:18:35 AM,1.221
2745,04/13/21 12:18:40 AM,1.330
2746,04/13/21 12:18:45 AM,1.330
2747,04/13/21 12:18:50 AM,1.330
2748,04/13/21 12:18:55 AM,1.439
2749,04/13/21 12:19:00 AM,1.439
2750,04/13/21 12:19:05 AM,1.439
2751,04/13/21 12:19:10 AM,1.548
2752,04/13/21 12:19:15 AM,1.548
2753,04/13/21 12:19:20 AM,1.548
2754,04/13/21 12:19:25 AM,1.656
2755,04/13/21 12:19:30 AM,1.656
2756,04/13/21 12:19:35 AM,1.656
2757,04/13/21 12:19:40 AM,1.764
2758,04/13/21 12:19:45 AM,1.764
2759,04/13/21 12:19:50 AM,1.764
2760,04/13/21 12:19:55 AM,1.872
2761,04/13/21 12:20:00 AM,1.872
2762,04/13/21 12:20:05 AM,1.872
2763,04/13/21 12:20:10 AM,1.980
2764,04/13/21 12:20:15 AM,1.980
2765,04/13/21 12:20:20 AM,1.980
2766,04/13/21 12:20:25 AM,1.980
2767,04/13/21 12:20:30 AM,2.088
2768,04/13/21 12:20:35 AM,2.088
2769,04/13/21 12:20:40 AM,2.088
2770,04/13/21 12:20:45 AM,2.088
2771,04/13/21 12:20:50 AM,2.195
2772,04/13/21 12:20:55 AM,2.195
2773,04/13/21 12:21:00 AM,2.195
2774,04/13/21 12:21:05 AM,2.195
2775,04/13/21 12:21:10 AM,2.303
2776,04/13/21 12:21:15 AM,2.303
2777,04/13/21 12:21:20 AM,2.410
2778,04/13/21 12:21:25 AM,2.410
2779,04/13/21 12:21:30 AM,2.410
2780,04/13/21 12:21:35 AM,2.517
2781,04/13/21 12:21:40 AM,2.624
2782,04/13/21 12:21:45 AM,2.624
2783,04/13/21 12:21:50 AM,2.730
2784,04/13/21 12:21:55 AM,2.837
2785,04/13/21 12:22:00 AM,2.943
2786,04/13/21 12:22:05 AM,2.943
2787,04/13/21 12:22:10 AM,3.049
2788,04/13/21 12:22:15 AM,3.049
2789,04/13/21 12:22:20 AM,3.049
2790,04/13/21 12:22:25 AM,3.049
2791,04/13/21 12:22:30 AM,3.049
2792,04/13/21 12:22:35 AM,3.049
2793,04/13/21 12:22:40 AM,3.049
2794,04/13/21 12:22:45 AM,2.943
2795,04/13/21 12:22:50 AM,2.943
2796,04/13/21 12:22:55 AM,2.943
2797,04/13/21 12:23:00 AM,2.837
2798,04/13/21 12:23:05 AM,2.837
2799,04/13/21 12:23:10 AM,2.837
2800,04/13/21 12:23:15 AM,2.730
2801,04/13/21 12:23:20 AM,2.730
2802,04/13/21 12:23:25 AM,2.730
2803,04/13/21 12:23:30 AM,2.730
2804,04/13/21 12:23:35 AM,2.730
2805,04/13/21 12:23:40 AM,2.730
2806,04/13/21 12:23:45 AM,2.730
2807,04/13/21 12:23:50 AM,2.837
2808,04/13/21 12:23:55 AM,2.837
2809,04/13/21 12:24:00 AM,2.943
2810,04/13/21 12:24:05 AM,2.943
2811,04/13/21 12:24:10 AM,2.943
2812,04/13/21 12:24:15 AM,2.943
2813,04/13/21 12:24:20 AM,3.049
2814,04/13/21 12:24:25 AM,3.049
2815,04/13/21 12:24:30 AM,3.049
2816,04/13/21 12:24:35 AM,3.049
2817,04/13/21 12:24:40 AM,3.049
2818,04/13/21 12:24:45 AM,3.155
2819,04/13/21 12:24:50 AM,3.155
2820,04/13/21 12:24:55 AM,3.155
2821,04/13/21 12:25:00 AM,3.155
2822,04/13/21 12:25:05 AM,3.155
2823,04/13/21 12:25:10 AM,3.261
2824,04/13/21 12:25:15 AM,3.261
2825,04/13/21 12:25:20 AM,3.261
2826,04/13/21 12:25:25 AM,3.261
2827,04/13/21 12:25:30 AM,3.261
2828,04/13/21 12:25:35 AM,3.261
2829,04/13/21 12:25:40 AM,3.261
2830,04/13/21 12:25:45 AM,3.367
2831,04/13/21 12:25:50 AM,3.367
2832,04/13/21 12:25:55 AM,3.367
2833,04/13/21 12:26:00 AM,3.367
2834,04/13/21 12:26:05 AM,3.367
2835,04/13/21 12:26:10 AM,3.367
2836,04/13/21 12:26:15 AM,3.472
2837,04/13/21 12:26:20 AM,3.472
2838,04/13/21 12:26:25 AM,3.472
2839,04/13/21 12:26:30 AM,3.472
2840,04/13/21 12:26:35 AM,3.472
2841,04/13/21 12:26:40 AM,3.472
2842,04/13/21 12:26:45 AM,3.472
2843,04/13/21 12:26:50 AM,3.472
2844,04/13/21 12:26:55 AM,3.578
2845,04/13/21 12:27:00 AM,3.578
2846,04/13/21 12:27:05 AM,3.578
2847,04/13/21 12:27:10 AM,3.578
2848,04/13/21 12:27:15 AM,3.578
2849,04/13/21 12:27:20 AM,3.578
2850,04/13/21 12:27:25 AM,3.578
2851,04/13/21 12:27:30 AM,3.578
2852,04/13/21 12:27:35 AM,3.578
2853,04/13/21 12:27:40 AM,3.578
2854,04/13/21 12:27:45 AM,3.578
2855,04/13/21 12:27:50 AM,3.472
2856,04/13/21 12:27:55 AM,3.578
2857,04/13/21 12:28:00 AM,3.578
2858,04/13/21 12:28:05 AM,3.472
2859,04/13/21 12:28:10 AM,3.472
2860,04/13/21 12:28:15 AM,3.578
2861,04/13/21 12:28:20 AM,3.578
2862,04/13/21 12:28:25 AM,3.578
2863,04/13/21 12:28:30 AM,3.578
2864,04/13/21 12:28:35 AM,3.578
2865,04/13/21 12:28:40 AM,3.578
2866,04/13/21 12:28:45 AM,3.578
2867,04/13/21 12:28:50 AM,3.578
2868,04/13/21 12:28:55 AM,3.578
2869,04/13/21 12:29:00 AM,3.578
2870,04/13/21 12:29:05 AM,3.578
2871,04/13/21 12:29:10 AM,3.578
2872,04/13/21 12:29:15 AM,3.578
2873,04/13/21 12:29:20 AM,3.578
2874,04/13/21 12:29:25 AM,3.578
2875,04/13/21 12:29:30 AM,3.578
2876,04/13/21 12:29:35 AM,3.578
2877,04/13/21 12:29:40 AM,3.578
2878,04/13/21 12:29:45 AM,3.578
2879,04/13/21 12:29:50 AM,3.578
2880,04/13/21 12:29:55 AM,3.578
2881,04/13/21 12:30:00 AM,3.578
2882,04/13/21 12:30:05 AM,3.578
2883,04/13/21 12:30:10 AM,3.578
2884,04/13/21 12:30:15 AM,3.578
2885,04/13/21 12:30:20 AM,3.578
2886,04/13/21 12:30:25 AM,3.578
2887,04/13/21 12:30:30 AM,3.578
2888,04/13/21 12:30:35 AM,3.578
2889,04/13/21 12:30:40 AM,3.578
2890,04/13/21 12:30:45 AM,3.578
2891,04/13/21 12:30:50 AM,3.578
2892,04/13/21 12:30:55 AM,3.578
2893,04/13/21 12:31:00 AM,3.578
2894,04/13/21 12:31:05 AM,3.472
2895,04/13/21 12:31:10 AM,3.472
2896,04/13/21 12:31:15 AM,3.472
2897,04/13/21 12:31:20 AM,3.472
2898,04/13/21 12:31:25 AM,3.472
2899,04/13/21 12:31:30 AM,3.472
2900,04/13/21 12:31:35 AM,3.472
2901,04/13/21 12:31:40 AM,3.472
2902,04/13/21 12:31:45 AM,3.472
2903,04/13/21 12:31:50 AM,3.472
2904,04/13/21 12:31:55 AM,3.472
2905,04/13/21 12:32:00 AM,3.472
2906,04/13/21 12:32:05 AM,3.472
2907,04/13/21 12:32:10 AM,3.472
2908,04/13/21 12:32:15 AM,3.472
2909,04/13/21 12:32:20 AM,3.472
2910,04/13/21 12:32:25 AM,3.472
2911,04/13/21 12:32:30 AM,3.472
2912,04/13/21 12:32:35 AM,3.472
2913,04/13/21 12:32:40 AM,3.472
2914,04/13/21 12:32:45 AM,3.472
2915,04/13/21 12:32:50 AM,3.472
2916,04/13/21 12:32:55 AM,3.472
2917,04/13/21 12:33:00 AM,3.472
2918,04/13/21 12:33:05 AM,3.367
2919,04/13/21 12:33:10 AM,3.367
2920,04/13/21 12:33:15 AM,3.367
2921,04/13/21 12:33:20 AM,3.367
2922,04/13/21 12:33:25 AM,3.367
2923,04/13/21 12:33:30 AM,3.367
2924,04/13/21 12:33:35 AM,3.367
2925,04/13/21 12:33:40 AM,3.367
2926,04/13/21 12:33:45 AM,3.367
2927,04/13/21 12:33:50 AM,3.367
2928,04/13/21 12:33:55 AM,3.367
2929,04/13/21 12:34:00 AM,3.367
2930,04/13/21 12:34:05 AM,3.367
2931,04/13/21 12:34:10 AM,3.261
2932,04/13/21 12:34:15 AM,3.261
2933,04/13/21 12:34:20 AM,3.261
2934,04/13/21 12:34:25 AM,3.261
2935,04/13/21 12:34:30 AM,3.261
2936,04/13/21 12:34:35 AM,3.261
2937,04/13/21 12:34:40 AM,3.261
2938,04/13/21 12:34:45 AM,3.261
2939,04/13/21 12:34:50 AM,3.261
2940,04/13/21 12:34:55 AM,3.261
2941,04/13/21 12:35:00 AM,3.261
2942,04/13/21 12:35:05 AM,3.261
2943,04/13/21 12:35:10 AM,3.261
2944,04/13/21 12:35:15 AM,3.261
2945,04/13/21 12:35:20 AM,3.261
2946,04/13/21 12:35:25 AM,3.155
2947,04/13/21 12:35:30 AM,3.155
2948,04/13/21 12:35:35 AM,3.155
2949,04/13/21 12:35:40 AM,3.155
2950,04/13/21 12:35:45 AM,3.155
2951,04/13/21 12:35:50 AM,3.155
2952,04/13/21 12:35:55 AM,3.155
2953,04/13/21 12:36:00 AM,3.155
2954,04/13/21 12:36:05 AM,3.155
2955,04/13/21 12:36:10 AM,3.049
2956,04/13/21 12:36:15 AM,3.049
2957,04/13/21 12:36:20 AM,3.049
2958,04/13/21 12:36:25 AM,3.049
2959,04/13/21 12:36:30 AM,3.049
2960,04/13/21 12:36:35 AM,3.049
2961,04/13/21 12:36:40 AM,3.049
2962,04/13/21 12:36:45 AM,3.049
2963,04/13/21 12:36:50 AM,3.049
2964,04/13/21 12:36:55 AM,3.049
2965,04/13/21 12:37:00 AM,3.049
2966,04/13/21 12:37:05 AM,3.049
2967,04/13/21 12:37:10 AM,3.155
2968,04/13/21 12:37:15 AM,3.155
2969,04/13/21 12:37:20 AM,3.261
2970,04/13/21 12:37:25 AM,3.472
2971,04/13/21 12:37:30 AM,3.683
2972,04/13/21 12:37:35 AM,3.788
2973,04/13/21 12:37:40 AM,3.893
2974,04/13/21 12:37:45 AM,4.102
2975,04/13/21 12:37:50 AM,4.311
2976,04/13/21 12:37:55 AM,4.415
2977,04/13/21 12:38:00 AM,4.623
